source,target,type,time
Richard Fox,Gail Feindt,purchases,2015-05-25 15:17:41
Richard Fox,Gail Feindt,purchases,2015-05-31 21:59:27
Richard Fox,Gail Feindt,purchases,2015-06-16 12:22:09
Richard Fox,Gail Feindt,purchases,2015-08-10 10:23:46
Meryl Pastuch,Gail Feindt,purchases,2015-09-10 22:29:24
Richard Fox,Gail Feindt,purchases,2015-09-16 13:29:10
Richard Fox,Gail Feindt,purchases,2015-09-20 19:26:28
Richard Fox,Gail Feindt,purchases,2016-03-02 10:15:27
Richard Fox,Gail Feindt,purchases,2016-04-06 08:09:50
Richard Fox,Gail Feindt,purchases,2016-05-13 13:08:35
Meryl Pastuch,Gail Feindt,purchases,2016-05-18 10:17:12
Richard Fox,Gail Feindt,purchases,2016-09-25 00:21:36
Richard Fox,Gail Feindt,purchases,2016-12-05 06:59:10
Meryl Pastuch,Gail Feindt,purchases,2017-01-03 20:54:17
Richard Fox,Gail Feindt,purchases,2017-02-21 06:32:33
Meryl Pastuch,Gail Feindt,purchases,2017-05-10 07:41:24
Richard Fox,Gail Feindt,purchases,2017-06-23 15:02:16
Rosalia Larroque,Jenice Savaria,purchases,2017-09-20 03:38:53
Richard Fox,Gail Feindt,purchases,2017-09-23 19:05:58
Richard Fox,Gail Feindt,purchases,2017-11-23 15:44:11
Richard Fox,Madeline Nindorf,meetings,2015-11-07 10:03:53
Richard Fox,Madeline Nindorf,meetings,2015-11-08 08:00:33
Richard Fox,Sherrell Biebel,meetings,2015-11-08 08:00:33
Richard Fox,Julie Tierno,meetings,2015-11-08 08:00:33
Richard Fox,Kerstin Belveal,meetings,2016-05-01 13:12:13
Lindsy Henion,Ricky Miles,meetings,2017-03-10 07:29:48
Lindsy Henion,Marian Ahmadi,meetings,2017-05-11 23:54:12
Lindsy Henion,Loriann Gerard,meetings,2017-07-08 04:55:14
Lindsy Henion,Kerstin Belveal,meetings,2017-08-08 16:05:33
Richard Fox,Sherrell Biebel,meetings,2017-08-29 12:12:13
Richard Fox,Meryl Pastuch,meetings,2017-08-29 12:12:13
Meryl Pastuch,Sherrell Biebel,meetings,2017-08-29 12:12:13
Meryl Pastuch,Rosalia Larroque,meetings,2017-09-03 03:18:53
Lindsy Henion,Craig Carr,meetings,2017-10-12 06:48:05
Lindsy Henion,Chang Tulip,meetings,2017-11-13 07:25:42
Richard Fox,Rosana Horvath,emails,2015-05-19 16:11:56
Meri Conness,Richard Fox,emails,2015-05-20 12:44:13
Richard Fox,Della Boyd,emails,2015-05-20 12:44:19
Richard Fox,Rossana Wiley,emails,2015-05-20 23:21:11
Wesley Phelps,Richard Fox,emails,2015-05-22 20:41:34
Myra Harmon,Richard Fox,emails,2015-05-23 09:14:14
Richard Fox,Lavona Smola,emails,2015-05-23 09:35:23
Richard Fox,Helen Wolfe,emails,2015-05-24 04:19:31
Richard Fox,Marceline Foxworth,emails,2015-05-24 04:30:48
Vernon Ruiz,Richard Fox,emails,2015-05-27 08:52:42
Manuel Moxley,Richard Fox,emails,2015-05-27 16:31:44
Richard Fox,Lashay Ruprecht,emails,2015-05-27 16:32:17
Richard Fox,Kathi Montcalm,emails,2015-05-27 23:04:05
Richard Fox,Carl Cunningham,emails,2015-05-29 22:39:33
Stanley Jordan,Richard Fox,emails,2015-05-30 23:38:04
Nichelle Kivett,Richard Fox,emails,2015-05-31 21:58:47
Richard Fox,Prince Grodi,emails,2015-06-02 00:24:08
Ronna Holzboog,Richard Fox,emails,2015-06-02 00:24:19
Jazmine Artiles,Richard Fox,emails,2015-06-02 03:11:22
Richard Fox,Eric Beck,emails,2015-06-03 02:45:57
Dionna Camara,Richard Fox,emails,2015-06-04 20:48:54
Richard Fox,Tamar Gonce,emails,2015-06-05 11:12:35
Rose Hogan,Richard Fox,emails,2015-06-06 07:46:58
Richard Fox,Briana Behring,emails,2015-06-08 14:04:37
Richard Fox,Harrison Popper,emails,2015-06-08 18:02:52
David Phillips,Richard Fox,emails,2015-06-10 12:33:13
Richard Fox,Beulah Wong,emails,2015-06-10 16:48:43
Richard Fox,Ivory Soderling,emails,2015-06-11 07:29:38
Richard Fox,Lavona Smola,emails,2015-06-12 10:53:46
Richard Fox,Donnell Jocoy,emails,2015-06-14 06:55:53
Richard Fox,Lavona Kushaney,emails,2015-06-16 12:22:45
Marlin Forkin,Richard Fox,emails,2015-06-17 13:39:37
Ginny Chalifour,Richard Fox,emails,2015-06-18 17:30:55
Chase Butler,Richard Fox,emails,2015-06-19 15:12:44
Beulah Lane,Richard Fox,emails,2015-06-21 18:44:53
Richard Fox,Tanner Cremonese,emails,2015-06-23 11:09:25
Richard Fox,Myra Fredette,emails,2015-06-23 11:09:48
Jane Tyler,Richard Fox,emails,2015-06-23 15:04:40
Laureen Michioka,Richard Fox,emails,2015-06-24 01:40:47
Richard Fox,Clifford Gibbs,emails,2015-06-24 01:41:45
Nichelle Fredenberg,Richard Fox,emails,2015-06-25 09:50:55
Tyler Brock,Richard Fox,emails,2015-06-26 07:09:36
Richard Fox,Stevie Ferrara,emails,2015-06-26 07:10:25
Richard Fox,Brandie Pring,emails,2015-06-27 10:04:19
Richard Fox,Elwanda Styons,emails,2015-06-28 12:30:30
Patty Volpicelli,Richard Fox,emails,2015-06-28 12:30:58
Richard Fox,Janeen Damas,emails,2015-06-28 19:18:59
Richard Fox,Serina Kromer,emails,2015-06-29 11:07:17
Vincenza Kuse,Richard Fox,emails,2015-06-30 19:45:49
Richard Fox,Mable Rosenfeldt,emails,2015-07-01 03:39:14
Buster Mccant,Richard Fox,emails,2015-07-03 05:28:29
Richard Fox,Archie Griffies,emails,2015-07-04 21:03:02
Doyle Tariq,Richard Fox,emails,2015-07-05 22:28:04
Richard Fox,Frederick Curry,emails,2015-07-06 18:31:26
Richard Fox,Lee Sanchez,emails,2015-07-06 21:09:12
Richard Fox,Denis Ewell,emails,2015-07-07 07:45:28
Minerva Gordon,Richard Fox,emails,2015-07-08 07:19:43
Richard Fox,Genoveva Myrie,emails,2015-07-11 17:00:55
Harry Underwood,Richard Fox,emails,2015-07-12 10:53:25
Maira Chu,Meryl Pastuch,emails,2015-07-12 19:43:48
Juliette Goy,Richard Fox,emails,2015-07-14 15:03:54
Bruno Arbuckle,Richard Fox,emails,2015-07-14 21:46:50
Richard Fox,Josie Lee,emails,2015-07-16 17:33:15
Lourie Conaghan,Richard Fox,emails,2015-07-17 08:01:51
Teresa Duncan,Richard Fox,emails,2015-07-17 08:02:37
Richard Fox,Tania Loveland,emails,2015-07-17 19:25:50
Grace Alvarez,Richard Fox,emails,2015-07-18 00:12:07
Richard Fox,Shane Berno,emails,2015-07-18 14:00:58
Richard Fox,Leann Thresher,emails,2015-07-22 11:10:41
Richard Fox,Lizeth Hubel,emails,2015-07-22 16:07:44
Richard Fox,Joanna Gangwish,emails,2015-07-22 16:54:15
Meryl Pastuch,Aretha Lamons,emails,2015-08-01 11:47:21
Raymond Fisher,Richard Fox,emails,2015-08-01 20:19:21
Richard Fox,Renae Peddy,emails,2015-08-02 01:01:37
Mattie Harris,Richard Fox,emails,2015-08-02 06:45:10
Harriet Singleton,Richard Fox,emails,2015-08-02 11:19:00
Richard Fox,Edward Riley,emails,2015-08-05 15:54:39
Beatrice Coleman,Richard Fox,emails,2015-08-05 15:54:54
Malisa Stockman,Richard Fox,emails,2015-08-07 14:46:52
Meryl Pastuch,Millie Budrovich,emails,2015-08-08 00:30:16
Rozella Kura,Meryl Pastuch,emails,2015-08-08 00:30:19
Alease Finley,Richard Fox,emails,2015-08-08 22:38:56
Richard Fox,Marta Derentis,emails,2015-08-14 18:46:28
Gregory Rodriguez,Meryl Pastuch,emails,2015-08-15 10:39:49
Briana Kersh,Richard Fox,emails,2015-08-15 22:14:23
Corey Bisesi,Richard Fox,emails,2015-08-19 04:25:04
Hallie Wuellenweber,Richard Fox,emails,2015-08-20 04:36:15
Richard Fox,Max Moran,emails,2015-08-20 04:36:26
Theresa McGuire,Richard Fox,emails,2015-08-20 10:52:52
Halina Rangitsch,Richard Fox,emails,2015-08-21 07:35:43
Miguel Higgins,Richard Fox,emails,2015-08-24 02:49:17
Richard Fox,Tommye Minge,emails,2015-08-24 21:04:59
Richard Fox,Jane Tyler,emails,2015-08-24 21:44:57
Terrilyn Overkamp,Meryl Pastuch,emails,2015-08-26 13:03:45
Richard Fox,Magaly Dalmoro,emails,2015-08-26 17:26:29
Shane Labella,Richard Fox,emails,2015-08-26 17:26:44
Richard Fox,Dylan Dixon,emails,2015-08-27 11:43:36
Larisa Crutsinger,Meryl Pastuch,emails,2015-08-29 14:44:17
Richard Fox,Blake Porter,emails,2015-08-30 03:09:12
Richard Fox,Mitch Salvemini,emails,2015-08-30 04:11:26
Meryl Pastuch,Dominic Howard,emails,2015-08-30 08:35:31
Meryl Pastuch,Karen Ritschard,emails,2015-08-30 08:37:05
Ralph Berry,Richard Fox,emails,2015-09-02 09:32:34
Evan Day,Richard Fox,emails,2015-09-05 13:37:43
Richard Fox,Keith Hogan,emails,2015-09-05 13:38:33
Richard Fox,Emilie Bowen,emails,2015-09-05 14:56:48
Hettie Arnold,Meryl Pastuch,emails,2015-09-06 11:10:03
Richard Fox,Tameka Vinton,emails,2015-09-08 02:33:57
Richard Fox,Alex Strickland,emails,2015-09-10 01:08:14
Elvie Olivio,Richard Fox,emails,2015-09-10 11:03:40
Verlene Jayroe,Meryl Pastuch,emails,2015-09-10 18:45:00
Timothy Gibson,Meryl Pastuch,emails,2015-09-10 18:45:57
Richard Fox,Van Giesel,emails,2015-09-10 22:19:28
Kate Barber,Meryl Pastuch,emails,2015-09-10 22:29:55
Richard Fox,Lavone Tarr,emails,2015-09-11 15:12:57
Nell Bell,Richard Fox,emails,2015-09-11 21:27:47
Odell Barett,Richard Fox,emails,2015-09-13 05:59:39
Cyril Dushaj,Richard Fox,emails,2015-09-13 15:28:38
Phebe Corlew,Richard Fox,emails,2015-09-14 00:41:21
Richard Fox,Cecelia Price,emails,2015-09-15 23:42:17
Meryl Pastuch,Mana Sovich,emails,2015-09-17 04:16:44
Richard Fox,Jane Tyler,emails,2015-09-20 00:15:01
Richard Fox,Mistie Champany,emails,2015-09-20 05:27:32
Terra Noakes,Richard Fox,emails,2015-09-20 07:10:32
Lora Diaz,Meryl Pastuch,emails,2015-09-21 16:51:52
Meryl Pastuch,Earl Hamilton,emails,2015-09-21 16:52:17
Richard Fox,Meggan Berthelsen,emails,2015-09-22 03:28:23
Richard Fox,Carlos Powell,emails,2015-09-23 01:05:19
Richard Fox,Krystle Keshishyan,emails,2015-09-24 08:49:46
Richard Fox,Geraldine Edley,emails,2015-09-26 00:43:58
Omar Reau,Richard Fox,emails,2015-09-26 06:24:26
Rebbeca Rubalcava,Richard Fox,emails,2015-09-28 15:44:03
Winnie Morgan,Meryl Pastuch,emails,2015-09-30 07:12:02
Dustin Cook,Richard Fox,emails,2015-09-30 08:47:39
Richard Fox,Troy Casacchia,emails,2015-10-02 05:11:34
Andree Maccutcheon,Richard Fox,emails,2015-10-02 06:35:01
Richard Fox,Fanny Schultz,emails,2015-10-02 06:35:13
Richard Fox,Hermine Danas,emails,2015-10-02 12:30:57
Richard Fox,Elba Garneau,emails,2015-10-02 12:31:14
Lela Soto,Richard Fox,emails,2015-10-02 23:33:50
Terrilyn Overkamp,Richard Fox,emails,2015-10-03 03:19:44
Richard Fox,Lawrence Matthews,emails,2015-10-03 03:20:22
June Koegler,Richard Fox,emails,2015-10-03 18:44:32
Raymond Voelker,Richard Fox,emails,2015-10-06 06:09:01
Addie Bass,Richard Fox,emails,2015-10-06 14:49:43
Bernard Harper,Richard Fox,emails,2015-10-06 18:38:53
Lillie Yates,Richard Fox,emails,2015-10-06 18:38:55
Richard Fox,Shana Shackelford,emails,2015-10-07 08:36:46
Richard Fox,Xenia Struck,emails,2015-10-07 10:51:06
Richard Fox,Lianne Tole,emails,2015-10-08 15:01:59
Daisy Porter,Richard Fox,emails,2015-10-09 08:13:35
Clayton Craig,Richard Fox,emails,2015-10-10 18:10:03
Richard Fox,Lakisha Remke,emails,2015-10-10 18:10:48
Meryl Pastuch,Becky Siemsen,emails,2015-10-11 22:32:45
Richard Fox,Alethia Halmick,emails,2015-10-13 10:00:37
Richard Fox,Guillermo Septelka,emails,2015-10-13 13:08:31
Richard Fox,Willie Massey,emails,2015-10-13 14:21:12
Brice Ollom,Richard Fox,emails,2015-10-13 17:43:03
Richard Fox,Ai Baksh,emails,2015-10-15 04:14:05
Richard Fox,Hong Ramiez,emails,2015-10-15 08:31:51
Meryl Pastuch,Silvana Wines,emails,2015-10-16 05:39:24
Jenifer Galleher,Richard Fox,emails,2015-10-16 14:30:55
Richard Fox,Eula Screen,emails,2015-10-19 13:17:35
Louisa Cross,Richard Fox,emails,2015-10-24 20:01:31
Richard Fox,Adrienne Brackenridge,emails,2015-10-24 20:01:54
Myrtle Mitchell,Richard Fox,emails,2015-10-27 07:59:48
Bernardine Nonroe,Richard Fox,emails,2015-10-27 18:49:32
Meryl Pastuch,Delfina Hauan,emails,2015-10-28 07:02:44
Natalia Woehrle,Richard Fox,emails,2015-10-28 22:28:54
Richard Fox,Kizzie Koopman,emails,2015-10-28 22:28:55
Richard Fox,Janean Derring,emails,2015-10-29 06:12:21
Richard Fox,Alejandro Azevedo,emails,2015-10-30 15:23:14
Aiden Pittman,Richard Fox,emails,2015-10-30 15:23:57
Stella Marsh,Richard Fox,emails,2015-10-31 17:29:47
Carla Maizes,Meryl Pastuch,emails,2015-11-01 21:55:42
Nicolette Tenaglia,Richard Fox,emails,2015-11-03 14:04:29
Richard Fox,Jenae Zebrowski,emails,2015-11-03 14:04:45
Concetta Vonbargen,Richard Fox,emails,2015-11-04 15:48:21
Richard Fox,Jesse States,emails,2015-11-04 15:48:25
Dylan Ballard,Meryl Pastuch,emails,2015-11-07 09:38:53
Rosalia Larroque,Sheilah Stachniw,emails,2015-11-08 16:38:53
Richard Fox,Ian Jordan,emails,2015-11-09 12:49:28
Richard Fox,Timothy Gibson,emails,2015-11-09 23:36:02
Jenni Granby,Richard Fox,emails,2015-11-09 23:36:32
Kerstin Belveal,Lindsy Henion,emails,2015-11-09 23:38:53
Chase Graham,Richard Fox,emails,2015-11-11 16:57:50
Lindsy Henion,Rosalia Larroque,emails,2015-11-14 01:38:53
Meryl Pastuch,Odell Ruder,emails,2015-11-14 21:39:04
Jack Bishop,Meryl Pastuch,emails,2015-11-14 21:40:29
Rosalia Larroque,Lindsy Henion,emails,2015-11-15 02:38:53
Isabella Lindsey,Richard Fox,emails,2015-11-16 06:40:38
Richard Fox,Rosalia Larroque,emails,2015-11-18 13:38:53
Charlesetta Shullick,Richard Fox,emails,2015-11-19 10:01:17
Richard Fox,Susie Lee,emails,2015-11-22 09:28:31
Vernon Joseph,Richard Fox,emails,2015-11-22 15:36:36
Duane Holt,Richard Fox,emails,2015-11-23 12:23:14
Richard Fox,Norah Lonsdale,emails,2015-11-23 16:06:54
Meryl Pastuch,Glen Grant,emails,2015-11-23 19:38:53
Sherrell Biebel,Ramiro Gault,emails,2015-11-25 10:38:53
Sheilah Stachniw,Rosalia Larroque,emails,2015-11-25 13:38:53
Richard Fox,May Burton,emails,2015-11-25 22:38:53
Meryl Pastuch,Trudie Orms,emails,2015-11-26 12:51:12
Richard Fox,Cecilia Moore,emails,2015-11-28 15:17:39
Kathi Montcalm,Richard Fox,emails,2015-11-28 15:17:41
Richard Fox,Rosenda Mcclennan,emails,2015-11-28 21:50:54
Calvin Klein,Richard Fox,emails,2015-11-28 21:52:08
Lindsy Henion,Ferne Hards,emails,2015-12-01 20:38:53
Richard Fox,Willetta Gear,emails,2015-12-02 21:45:43
Richard Fox,Tony Hudson,emails,2015-12-03 13:49:13
Richard Fox,Jed Perdew,emails,2015-12-03 13:49:33
Mable Fuller,Richard Fox,emails,2015-12-03 14:27:38
Meryl Pastuch,Sheilah Stachniw,emails,2015-12-07 04:38:53
Melvin Pruessner,Richard Fox,emails,2015-12-07 13:30:58
Jeffery George,Richard Fox,emails,2015-12-07 20:14:28
Meryl Pastuch,Rosalia Larroque,emails,2015-12-10 10:38:53
Meryl Pastuch,Rosalia Larroque,emails,2015-12-11 01:38:53
Gianna Resler,Richard Fox,emails,2015-12-11 05:26:22
Mable Green,Richard Fox,emails,2015-12-11 14:06:55
Sherrell Biebel,Jose Ringwald,emails,2015-12-11 22:38:53
Doyle Lightner,Richard Fox,emails,2015-12-12 21:59:38
Richard Fox,Demetrius Derhammer,emails,2015-12-14 18:59:42
Richard Fox,Dinorah Glor,emails,2015-12-17 03:31:31
Marcus Underwood,Richard Fox,emails,2015-12-17 07:47:31
Richard Fox,Tenesha Iwasaki,emails,2015-12-17 07:47:45
Delcie Lube,Richard Fox,emails,2015-12-18 21:10:59
Antonio West,Richard Fox,emails,2015-12-18 21:11:17
Elva Fogg,Richard Fox,emails,2015-12-21 18:11:49
Ira Akkerman,Richard Fox,emails,2015-12-21 22:11:01
Lindsy Henion,Dylan Ballard,emails,2015-12-21 22:38:53
Janetta Cheak,Richard Fox,emails,2015-12-22 07:17:27
Iva Clark,Richard Fox,emails,2015-12-22 17:30:33
Russell Glover,Richard Fox,emails,2015-12-25 23:50:09
Richard Fox,Hollie Catapano,emails,2015-12-29 00:56:50
Meryl Pastuch,Palmira Sauve,emails,2015-12-30 04:44:59
Evita Gandrud,Meryl Pastuch,emails,2015-12-30 09:05:09
Meryl Pastuch,Peter Sandoval,emails,2015-12-31 07:56:06
Jose Ringwald,Kerstin Belveal,emails,2015-12-31 21:38:53
Richard Fox,Alethia Halmick,emails,2016-01-01 07:46:31
Meryl Pastuch,Richard Fox,emails,2016-01-02 21:38:53
Annis Klee,Richard Fox,emails,2016-01-03 08:55:27
Richard Fox,Francesco Engel,emails,2016-01-03 08:55:53
Richard Fox,Porfirio Ginsel,emails,2016-01-03 10:57:19
Alfred Cannon,Richard Fox,emails,2016-01-06 22:37:40
Tobi Gatlin,Richard Fox,emails,2016-01-07 06:38:53
Kristyn Kadi,Richard Fox,emails,2016-01-08 07:58:37
Richard Fox,Winnie Neshem,emails,2016-01-08 07:58:40
Richard Fox,Raymond Opielski,emails,2016-01-12 03:07:32
Maximo Sallis,Richard Fox,emails,2016-01-12 11:10:49
Meryl Pastuch,Lynna Bernotas,emails,2016-01-12 17:00:38
Richard Fox,Noah Norton,emails,2016-01-12 21:31:18
Richard Fox,Su Hipsley,emails,2016-01-15 04:42:39
Jeremy Wolfe,Richard Fox,emails,2016-01-15 04:42:44
Richard Fox,Tobi Gatlin,emails,2016-01-15 13:38:53
Georgeanna Busser,Richard Fox,emails,2016-01-15 23:40:31
Kirsten Alstott,Meryl Pastuch,emails,2016-01-16 20:49:20
Meryl Pastuch,Lorelei Ziadie,emails,2016-01-16 20:50:15
Lindsy Henion,Melita Scarpaci,emails,2016-01-18 13:38:53
Lizbeth Jindra,Lindsy Henion,emails,2016-01-18 18:38:53
Richard Fox,Hortensia Dahme,emails,2016-01-22 01:46:28
Jose Ringwald,Tobi Gatlin,emails,2016-01-23 02:38:53
Meryl Pastuch,Bryan Bradley,emails,2016-01-23 17:40:30
Richard Fox,Harold Howard,emails,2016-01-27 18:23:15
Richard Fox,Joshua Davidson,emails,2016-01-28 15:13:48
Richard Fox,Jane Tyler,emails,2016-01-31 18:57:57
Lindsy Henion,Augusta Sharp,emails,2016-02-02 17:38:53
Bong Losecco,Richard Fox,emails,2016-02-05 04:29:04
Glen Grant,Jose Ringwald,emails,2016-02-06 12:38:53
Karen Borkowski,Meryl Pastuch,emails,2016-02-07 23:28:51
Dylan Ballard,Lindsy Henion,emails,2016-02-08 19:38:53
Richard Fox,Alexander Stevenson,emails,2016-02-09 14:15:30
Lewis Hines,Richard Fox,emails,2016-02-10 20:33:15
Marla Jana,Richard Fox,emails,2016-02-12 02:33:51
Gregory Collins,Richard Fox,emails,2016-02-12 05:33:15
Meryl Pastuch,Melia Laiben,emails,2016-02-12 20:37:45
Richard Fox,Daine Wagner,emails,2016-02-13 07:39:04
Rosalia Larroque,Richard Fox,emails,2016-02-15 02:38:53
Beatrice Sanders,Richard Fox,emails,2016-02-16 18:16:34
Rowena Stires,Meryl Pastuch,emails,2016-02-17 23:25:19
Richard Fox,Mellissa Im,emails,2016-02-18 05:11:06
Meryl Pastuch,Alejandro Farmer,emails,2016-02-21 17:55:51
Ferne Hards,Lindsy Henion,emails,2016-02-22 19:38:53
Richard Fox,Kenneth Brooks,emails,2016-02-22 23:43:58
Leo Shambaugh,Meryl Pastuch,emails,2016-02-24 04:17:10
Lou Weyrauch,Richard Fox,emails,2016-02-24 04:44:15
Richard Fox,Demetrius Cholewinski,emails,2016-02-26 18:11:44
Ann Richardson,Meryl Pastuch,emails,2016-02-28 01:02:23
Meryl Pastuch,Laurice Eichenberg,emails,2016-02-28 01:03:01
Richard Fox,Gail Mulcahey,emails,2016-02-28 08:44:07
Bonita Sackrider,Richard Fox,emails,2016-02-28 08:59:30
Tamekia Gompert,Meryl Pastuch,emails,2016-02-29 12:21:32
Richard Fox,Buford Stiner,emails,2016-03-01 06:16:18
Richard Fox,Cecilia Vega,emails,2016-03-01 19:47:16
Richard Fox,Glenn Reddick,emails,2016-03-02 08:06:50
Kaye Pye,Richard Fox,emails,2016-03-02 10:15:16
Richard Fox,Ivory Soderling,emails,2016-03-05 19:22:25
Lisandra Wirtjes,Richard Fox,emails,2016-03-05 19:23:04
Devora Betton,Meryl Pastuch,emails,2016-03-06 01:42:47
Jorge Quinn,Meryl Pastuch,emails,2016-03-06 11:25:32
Richard Fox,Glen Gonzalez,emails,2016-03-07 01:47:00
Lydia Craig,Richard Fox,emails,2016-03-07 21:42:00
Richard Fox,Rigoberto Leday,emails,2016-03-08 13:39:27
Meryl Pastuch,Rosalia Larroque,emails,2016-03-08 22:38:53
Lula Hampton,Meryl Pastuch,emails,2016-03-10 00:43:07
Meryl Pastuch,Katherine Reese,emails,2016-03-10 00:43:32
Richard Fox,Corinna Oleksiak,emails,2016-03-11 21:50:55
Herbert Anton,Richard Fox,emails,2016-03-11 21:51:18
Richard Fox,Olive Houston,emails,2016-03-12 10:40:34
Jared Carter,Richard Fox,emails,2016-03-12 10:41:16
Merlin Topal,Richard Fox,emails,2016-03-18 01:49:05
Richard Fox,Reita Fehr,emails,2016-03-18 01:50:36
Richard Fox,Laura Stokes,emails,2016-03-20 07:15:16
Harold Rhodes,Richard Fox,emails,2016-03-20 07:15:41
Rosalia Larroque,Meryl Pastuch,emails,2016-03-20 21:38:53
Wilhelmina Nybo,Meryl Pastuch,emails,2016-03-21 11:06:50
Meryl Pastuch,Ladawn Okoli,emails,2016-03-22 11:41:00
Lindsy Henion,Lizbeth Jindra,emails,2016-03-24 03:38:53
Jane Logan,Richard Fox,emails,2016-03-26 22:13:21
Richard Fox,Estela Dewing,emails,2016-03-26 22:13:30
Tyler Obrien,Meryl Pastuch,emails,2016-03-29 19:13:21
Tajuana Gaiser,Richard Fox,emails,2016-03-31 00:44:08
Alyce Bernier,Meryl Pastuch,emails,2016-03-31 13:13:30
Richard Fox,Claude Masone,emails,2016-04-02 20:04:12
Richard Fox,Tillie Sheth,emails,2016-04-04 09:10:21
Elijah Marshall,Richard Fox,emails,2016-04-04 09:10:49
Deann Gladwin,Meryl Pastuch,emails,2016-04-05 07:36:57
Richard Fox,Allie Fowler,emails,2016-04-06 04:00:21
Grace Stone,Meryl Pastuch,emails,2016-04-06 20:29:03
Logan Ellis,Richard Fox,emails,2016-04-07 10:58:35
Richard Fox,Lora Newton,emails,2016-04-07 10:59:39
Richard Fox,Rhoda Gill,emails,2016-04-09 20:48:46
Erich Induddi,Richard Fox,emails,2016-04-13 18:59:33
Marilee Nesseth,Richard Fox,emails,2016-04-16 16:49:59
Richard Fox,Ian Daniels,emails,2016-04-16 16:49:59
Sheilah Stachniw,Lindsy Henion,emails,2016-04-16 22:38:53
Amelia Goodlow,Richard Fox,emails,2016-04-19 00:20:34
Deirdre Kye,Richard Fox,emails,2016-04-19 20:40:50
Richard Fox,Cory King,emails,2016-04-21 09:47:29
Chase Bush,Richard Fox,emails,2016-04-21 22:13:37
Richard Fox,Oscar Boone,emails,2016-04-22 10:27:53
Richard Fox,Eugenia Rose,emails,2016-04-22 16:25:48
Richard Fox,Vanessa Graver,emails,2016-04-22 16:26:13
Richard Fox,Nicola Perrigan,emails,2016-04-27 08:06:43
Nathaniel Robertson,Richard Fox,emails,2016-04-27 08:07:07
Richard Fox,Soledad Florida,emails,2016-04-28 05:05:42
Leonard Larson,Richard Fox,emails,2016-04-28 07:37:20
Myrtle Guerrero,Meryl Pastuch,emails,2016-04-29 19:37:32
Richard Fox,Marylin Hanenberger,emails,2016-04-30 12:24:50
Kerstin Belveal,Lindsy Henion,emails,2016-05-01 22:38:53
Meryl Pastuch,Micheal Hanisch,emails,2016-05-02 11:51:28
Joye Holowell,Meryl Pastuch,emails,2016-05-04 15:23:38
Richard Fox,Francisco Matthews,emails,2016-05-04 23:01:50
Gearldine Ruud,Richard Fox,emails,2016-05-04 23:02:27
Richard Fox,Shavonda Talamantes,emails,2016-05-05 05:49:59
Ingrid Ploetz,Richard Fox,emails,2016-05-05 17:46:31
Richard Fox,Novella Schellenberg,emails,2016-05-06 10:28:05
Richard Fox,Chloe Defino,emails,2016-05-06 17:48:01
Richard Fox,Mina Todd,emails,2016-05-07 00:53:13
Richard Fox,Milda Trulson,emails,2016-05-07 08:40:52
Sally Phelps,Richard Fox,emails,2016-05-07 08:41:02
Mary Patrick,Richard Fox,emails,2016-05-07 10:54:44
Jordan Walsh,Richard Fox,emails,2016-05-08 00:19:34
Richard Fox,Daisy Baldwin,emails,2016-05-08 10:05:05
Benton Perkerson,Meryl Pastuch,emails,2016-05-08 17:57:45
Yasuko Benyard,Meryl Pastuch,emails,2016-05-09 12:56:18
Marvin Chambers,Richard Fox,emails,2016-05-10 16:40:45
Carlene Glau,Meryl Pastuch,emails,2016-05-13 01:24:28
Joel Jensen,Richard Fox,emails,2016-05-13 13:08:23
Richard Fox,Phoebe Hawkins,emails,2016-05-13 17:08:32
Richard Fox,Marcus Thornton,emails,2016-05-14 01:25:17
Richard Fox,Louis Solinski,emails,2016-05-14 15:28:44
Alona Cunnington,Richard Fox,emails,2016-05-14 23:27:20
Nelson Bistline,Richard Fox,emails,2016-05-15 03:40:15
Richard Fox,Nila Trnka,emails,2016-05-15 03:40:38
Jose Ringwald,Ramiro Gault,emails,2016-05-17 20:38:53
Meryl Pastuch,Sarah Graves,emails,2016-05-18 10:15:54
Richard Fox,Jung Comins,emails,2016-05-18 18:53:48
Rasheeda Steinbeck,Meryl Pastuch,emails,2016-05-19 03:47:02
Richard Fox,Kiera Bastilla,emails,2016-05-19 09:49:35
Augusta Sharp,Dylan Ballard,emails,2016-05-19 10:38:53
Palmira Snethen,Richard Fox,emails,2016-05-20 22:56:39
Richard Fox,Tobias Burrington,emails,2016-05-20 22:56:57
Santana Cummins,Richard Fox,emails,2016-05-22 09:18:37
Kathy Klemm,Meryl Pastuch,emails,2016-05-23 18:46:12
Meryl Pastuch,Alice Young,emails,2016-05-23 18:46:25
Augusta Sharp,Julie Tierno,emails,2016-05-24 23:38:53
Richard Fox,Roy Gutierrez,emails,2016-05-24 23:57:25
Raymond Carter,Richard Fox,emails,2016-05-24 23:58:08
Richard Fox,Nancy Sparks,emails,2016-05-28 02:14:24
Richard Fox,Kourtney Lagan,emails,2016-05-29 06:37:26
Sophia Russell,Richard Fox,emails,2016-05-29 06:37:48
Richard Fox,Bulah Breheny,emails,2016-05-29 17:49:53
Laurice Eichenberg,Richard Fox,emails,2016-06-03 14:36:37
Richard Fox,Patrick Lane,emails,2016-06-04 00:38:53
Julie Tierno,Jose Ringwald,emails,2016-06-05 03:38:53
Richard Fox,Franklin Collins,emails,2016-06-05 13:52:08
Kerstin Belveal,Lindsy Henion,emails,2016-06-06 15:38:53
Kerstin Belveal,Lindsy Henion,emails,2016-06-07 11:38:53
Leandro Nuesca,Richard Fox,emails,2016-06-07 17:42:02
Meryl Pastuch,Joesph Rutana,emails,2016-06-08 13:49:22
Meryl Pastuch,Talia Dorantes,emails,2016-06-08 13:50:02
Edgar Baig,Richard Fox,emails,2016-06-09 00:03:53
Meryl Pastuch,Deanna Getchius,emails,2016-06-10 11:17:22
Richard Fox,Meryl Pastuch,emails,2016-06-10 16:38:53
Deneen Galleher,Richard Fox,emails,2016-06-12 22:33:29
Ayanna Vrabel,Richard Fox,emails,2016-06-13 19:48:54
Richard Fox,Annice Baves,emails,2016-06-13 19:48:54
Richard Fox,Arturo Robbin,emails,2016-06-19 18:24:05
Betty Ballard,Richard Fox,emails,2016-06-19 18:25:17
Richard Fox,Eliana Dolle,emails,2016-06-22 23:46:08
Chanell Luciano,Richard Fox,emails,2016-06-24 11:38:58
Jose Ringwald,Glen Grant,emails,2016-06-24 14:38:53
Richard Fox,Irene Park,emails,2016-06-30 02:25:25
Terry McBride,Richard Fox,emails,2016-06-30 19:33:48
Frederick Cichy,Richard Fox,emails,2016-07-02 05:50:43
Richard Fox,Don Tucker,emails,2016-07-02 05:51:19
Alexander Stevenson,Richard Fox,emails,2016-07-03 10:49:40
Nilda Ruttman,Meryl Pastuch,emails,2016-07-03 18:50:12
Richard Fox,Peter Fahnestock,emails,2016-07-04 12:59:24
Richard Fox,Frank Wade,emails,2016-07-08 03:45:01
Kathie Lube,Richard Fox,emails,2016-07-11 22:18:28
Richard Fox,Mindi Bombard,emails,2016-07-13 12:53:42
Richard Fox,Larita Hoerl,emails,2016-07-13 22:19:34
Richard Fox,Mae Stephens,emails,2016-07-15 16:53:00
Patrick Vero,Richard Fox,emails,2016-07-15 16:53:34
Richard Fox,Amy Bowman,emails,2016-07-17 06:39:29
Richard Fox,Jane Vasquez,emails,2016-07-17 06:39:50
Donald Warren,Richard Fox,emails,2016-07-18 00:24:02
Richard Fox,Erline Dejonge,emails,2016-07-18 00:24:09
Meryl Pastuch,Adrian Bates,emails,2016-07-18 02:35:14
Inell Oharra,Richard Fox,emails,2016-07-18 11:45:45
Meryl Pastuch,Jane Myers,emails,2016-07-20 08:12:04
Richard Fox,Rosa Stout,emails,2016-07-21 01:13:06
Gayle Adamowski,Richard Fox,emails,2016-07-21 22:26:34
Ahmed Clemmer,Richard Fox,emails,2016-07-22 00:11:15
Douglass Ebner,Meryl Pastuch,emails,2016-07-22 12:04:19
Phoebe Hawkins,Meryl Pastuch,emails,2016-07-22 21:46:36
Meryl Pastuch,Maria Houston,emails,2016-07-22 22:37:26
Richard Fox,Bess Weaver,emails,2016-07-23 01:22:21
Dinorah Fingar,Richard Fox,emails,2016-07-23 15:49:27
Richard Fox,Celia Joseph,emails,2016-07-23 15:49:31
Eunice Adams,Richard Fox,emails,2016-07-24 06:38:31
Jeffrey Castillo,Richard Fox,emails,2016-07-25 14:39:04
Alease Ganus,Richard Fox,emails,2016-07-26 20:17:00
Leona Maxwell,Richard Fox,emails,2016-07-26 21:03:27
Richard Fox,Amira Brilowski,emails,2016-07-27 00:14:19
Kindra Loveberry,Richard Fox,emails,2016-07-29 14:44:43
Meryl Pastuch,Olive Jordan,emails,2016-07-31 20:50:35
Magaret Stubbert,Meryl Pastuch,emails,2016-07-31 20:51:49
Richard Fox,Percy Oba,emails,2016-08-05 11:28:32
Richard Fox,Madge Peterson,emails,2016-08-12 14:28:05
Richard Fox,Shawn Santolucito,emails,2016-08-15 05:32:17
Bradley Hawkins,Richard Fox,emails,2016-08-15 05:32:37
Richard Fox,Ronald Bernosky,emails,2016-08-15 06:55:32
Andrew Nash,Richard Fox,emails,2016-08-16 17:54:41
Meryl Pastuch,Lindsy Henion,emails,2016-08-16 21:38:53
Tobi Gatlin,Jose Ringwald,emails,2016-08-20 06:38:53
Richard Fox,Lamar Holtan,emails,2016-08-20 20:45:01
Carole Prewitt,Richard Fox,emails,2016-08-20 20:45:32
Richard Fox,Eulalia Mcgahan,emails,2016-08-21 01:24:53
Zachery Sieczkowski,Richard Fox,emails,2016-08-21 12:24:01
Cary Roles,Richard Fox,emails,2016-08-24 04:15:04
Herman Todd,Richard Fox,emails,2016-08-26 08:47:34
Richard Fox,Adam Zimmerman,emails,2016-08-26 16:55:08
Richard Fox,Cynthia Kelly,emails,2016-08-27 19:29:20
Richard Fox,Alfredo Fullmer,emails,2016-08-28 06:13:32
Tran Munafo,Richard Fox,emails,2016-08-28 06:14:31
Floyd Odiase,Richard Fox,emails,2016-08-29 20:54:28
Michael Galluzzo,Richard Fox,emails,2016-08-30 07:34:26
Shane Flores,Richard Fox,emails,2016-08-30 14:16:15
Richard Fox,Marion Ingram,emails,2016-08-30 14:17:23
Richard Fox,Jeremiah Wells,emails,2016-09-04 04:27:53
Richard Fox,Shawn McDonald,emails,2016-09-05 13:57:41
Meryl Pastuch,Gabriella Kolbe,emails,2016-09-10 00:46:01
Richard Fox,Minnie George,emails,2016-09-10 20:12:24
Suanne Millbrand,Richard Fox,emails,2016-09-10 20:12:32
Carlos Caryk,Meryl Pastuch,emails,2016-09-13 21:10:44
Meryl Pastuch,Bianca Krumins,emails,2016-09-15 04:45:42
Shawnda Abdelmuti,Meryl Pastuch,emails,2016-09-15 04:45:47
Ricardo Minon,Meryl Pastuch,emails,2016-09-15 05:12:08
Richard Fox,Caprice Styers,emails,2016-09-15 21:54:18
Vernia Sandra,Richard Fox,emails,2016-09-17 01:11:49
Richard Fox,Yoshiko Diefenderfer,emails,2016-09-18 21:27:32
Leia Quirino,Richard Fox,emails,2016-09-18 21:28:22
Richard Fox,Dale Mack,emails,2016-09-20 21:56:39
Chandra Durepo,Richard Fox,emails,2016-09-23 11:49:33
Elena Yarman,Richard Fox,emails,2016-09-25 00:21:25
Richard Fox,Lucinda Pearson,emails,2016-09-25 13:19:26
Tyler Morton,Richard Fox,emails,2016-09-28 10:56:00
Richard Fox,Eleanor Gibson,emails,2016-09-28 10:56:10
Richard Fox,Cecila Seigle,emails,2016-09-28 15:28:32
Richard Fox,Alica Figueiras,emails,2016-09-28 23:35:04
Meryl Pastuch,Marcelene Umphlett,emails,2016-09-28 23:35:33
Richard Fox,Gertrude Kim,emails,2016-09-29 02:35:27
Leanna Cevera,Richard Fox,emails,2016-09-29 21:27:01
Richard Fox,Jessie Lewis,emails,2016-09-30 05:36:53
Richard Fox,Josie Snyder,emails,2016-09-30 07:08:10
Elsie Reese,Richard Fox,emails,2016-09-30 07:54:30
Richard Fox,Mable Rosenfeldt,emails,2016-10-01 01:31:44
Richard Fox,Bess Green,emails,2016-10-04 17:35:49
Pamila Reeter,Richard Fox,emails,2016-10-04 17:36:53
Richard Fox,Gabrielle Mckim,emails,2016-10-05 10:55:30
Richard Fox,Mabel Demiter,emails,2016-10-06 15:30:23
Richard Fox,Allene Gorgo,emails,2016-10-06 15:43:40
Richard Fox,Janeen Preisendorf,emails,2016-10-07 13:44:58
Lettie Brooks,Richard Fox,emails,2016-10-07 13:45:53
Jinny Antuna,Richard Fox,emails,2016-10-08 13:47:44
Bonnie Kehn,Richard Fox,emails,2016-10-09 12:05:58
Matilda Cailler,Meryl Pastuch,emails,2016-10-09 13:14:18
Herman Todd,Meryl Pastuch,emails,2016-10-09 14:21:29
Ardelia Parzych,Meryl Pastuch,emails,2016-10-09 23:39:43
Meryl Pastuch,Cathrine Vezza,emails,2016-10-09 23:39:48
Stephen Flores,Meryl Pastuch,emails,2016-10-10 06:03:43
Douglas Reyes,Meryl Pastuch,emails,2016-10-10 23:56:39
Wilhelmina Nybo,Richard Fox,emails,2016-10-12 04:55:32
Micheal Greene,Richard Fox,emails,2016-10-13 03:04:34
Richard Fox,Deann Gladwin,emails,2016-10-13 09:44:07
Kayleigh Sember,Richard Fox,emails,2016-10-13 09:44:11
Jane Herron,Richard Fox,emails,2016-10-19 06:59:20
Richard Fox,Lannie Wenthold,emails,2016-10-23 06:54:14
Basil Hecker,Meryl Pastuch,emails,2016-10-24 04:02:03
Richard Fox,Daisy Estrada,emails,2016-10-27 08:07:21
Yadira Mccluer,Richard Fox,emails,2016-10-27 08:28:24
Jaunita Westen,Richard Fox,emails,2016-10-27 08:29:57
Johnathan Ukosata,Richard Fox,emails,2016-10-27 14:14:28
Richard Fox,Ethel Massey,emails,2016-10-27 14:15:43
Mariela Willhoite,Richard Fox,emails,2016-10-27 16:26:21
Jim French,Meryl Pastuch,emails,2016-10-28 04:31:16
Meryl Pastuch,Cheryl Croney,emails,2016-10-28 04:31:37
Richard Fox,Elvina Abrom,emails,2016-10-28 16:31:18
Theresa Sullivan,Richard Fox,emails,2016-10-29 20:16:30
Donald Mann,Richard Fox,emails,2016-10-31 00:04:08
Richard Fox,Lenard Romney,emails,2016-10-31 00:04:17
Meryl Pastuch,Adalberto Mateos,emails,2016-10-31 08:55:22
Richard Fox,Denae Minzenmayer,emails,2016-11-01 10:57:26
Richard Fox,Rhea Wigley,emails,2016-11-01 18:18:00
Nelida Pagon,Richard Fox,emails,2016-11-02 04:13:57
Richard Fox,Abraham Goffman,emails,2016-11-04 01:32:43
Lindsey Morrissette,Meryl Pastuch,emails,2016-11-05 06:35:09
Wynell Setlock,Richard Fox,emails,2016-11-05 06:45:01
Richard Fox,Jessie Nelson,emails,2016-11-05 10:20:30
Richard Fox,Harriett Sims,emails,2016-11-05 10:20:43
Meryl Pastuch,Tiana Sichting,emails,2016-11-06 19:37:29
Brian Carson,Meryl Pastuch,emails,2016-11-06 19:38:07
Derek Poole,Richard Fox,emails,2016-11-12 01:55:53
Jose Ringwald,Julie Tierno,emails,2016-11-12 04:38:53
Herman Delaware,Richard Fox,emails,2016-11-14 05:57:42
Richard Fox,Phyllis Correla,emails,2016-11-16 02:06:13
Richard Fox,Angelena Burkey,emails,2016-11-19 14:19:27
Richard Fox,Bettie Harvey,emails,2016-11-24 16:43:22
Richard Fox,Richelle Bellas,emails,2016-11-28 05:58:40
Meryl Pastuch,Darwin Crispino,emails,2016-11-30 12:50:17
Alexander Stevenson,Meryl Pastuch,emails,2016-11-30 12:51:00
Sharonda Terhaar,Richard Fox,emails,2016-12-01 12:23:37
Joe Jones,Richard Fox,emails,2016-12-01 12:23:43
Jamaal Lute,Richard Fox,emails,2016-12-02 05:51:47
Lindsay Sidman,Richard Fox,emails,2016-12-02 09:19:21
Richard Fox,Genesis Dufrane,emails,2016-12-03 05:33:47
Meryl Pastuch,Eugena Dimon,emails,2016-12-04 02:47:16
Richard Fox,Mable Aurich,emails,2016-12-04 05:04:30
Richard Fox,Donny Denisco,emails,2016-12-04 11:41:10
Augusta Sharp,Kerstin Belveal,emails,2016-12-04 22:38:53
Mae Knight,Richard Fox,emails,2016-12-05 06:57:47
Isabelle Harris,Richard Fox,emails,2016-12-06 01:22:54
Felipa Koetting,Richard Fox,emails,2016-12-06 07:29:38
Vernita Pelyo,Richard Fox,emails,2016-12-06 20:14:45
Richard Fox,Ming Hunyadi,emails,2016-12-07 22:00:21
Richard Fox,Myrtie Lennon,emails,2016-12-08 18:45:00
Richard Fox,Effie Cain,emails,2016-12-10 05:24:41
Edison Cramblit,Richard Fox,emails,2016-12-10 14:15:43
Richard Fox,Shawnta Griest,emails,2016-12-10 14:15:45
Sue Carrelli,Meryl Pastuch,emails,2016-12-13 14:28:44
Richard Fox,Emil Derastel,emails,2016-12-13 19:27:29
Micha Gadsby,Richard Fox,emails,2016-12-17 01:17:52
Richard Fox,Nila Trnka,emails,2016-12-17 01:18:20
Willetta Mccamant,Richard Fox,emails,2016-12-18 10:02:48
Gabriel Tran,Meryl Pastuch,emails,2016-12-23 02:45:49
Mae Perno,Meryl Pastuch,emails,2016-12-23 09:31:16
Kerstin Belveal,Jose Ringwald,emails,2016-12-28 20:38:53
Ramiro Gault,Sherrell Biebel,emails,2017-01-03 13:38:53
Lanell Szczepaniak,Meryl Pastuch,emails,2017-01-03 20:55:34
Jared Hoffman,Richard Fox,emails,2017-01-05 07:27:41
Richard Fox,Estella Mason,emails,2017-01-05 07:27:54
Richard Fox,Stefany Sacarello,emails,2017-01-08 18:31:43
Richard Fox,Harry Padilla,emails,2017-01-12 01:43:59
Leigh Gangler,Richard Fox,emails,2017-01-12 01:44:14
Richard Fox,Kalyn Heiken,emails,2017-01-14 20:56:06
Ray Grant,Richard Fox,emails,2017-01-14 20:57:27
Richard Fox,Oscar Carson,emails,2017-01-17 07:15:49
Elenor Killer,Richard Fox,emails,2017-01-17 07:16:00
Richard Fox,Roxane Stepanik,emails,2017-01-17 08:50:48
Enriqueta Gabrial,Richard Fox,emails,2017-01-20 05:40:36
Liana Wimer,Richard Fox,emails,2017-01-21 19:33:58
Richard Fox,Hunter Hale,emails,2017-01-24 05:08:16
Scott Handler,Richard Fox,emails,2017-01-24 05:08:18
Richard Fox,Janise Los,emails,2017-01-24 05:23:04
Garrett Colins,Richard Fox,emails,2017-01-24 05:23:21
Marybelle Slovak,Richard Fox,emails,2017-01-28 03:40:01
Richard Fox,Seth Williamson,emails,2017-01-28 11:23:57
Marvin Banks,Richard Fox,emails,2017-01-28 11:24:38
Roseline Lumbard,Richard Fox,emails,2017-02-03 16:46:00
Pearl Ortega,Richard Fox,emails,2017-02-05 11:18:18
Richard Fox,Wilford Rausin,emails,2017-02-05 22:53:58
Robin Saralegui,Richard Fox,emails,2017-02-07 20:38:33
Fred Bailey,Richard Fox,emails,2017-02-07 20:39:31
Zachary Cutburth,Richard Fox,emails,2017-02-08 22:06:08
Richard Fox,Elmer Young,emails,2017-02-10 13:49:01
Lindsy Henion,Sheilah Stachniw,emails,2017-02-11 08:38:53
Richard Fox,Julian Lewis,emails,2017-02-12 00:34:47
Richard Fox,Adelaide Hamilton,emails,2017-02-12 00:35:15
Buena Swaby,Richard Fox,emails,2017-02-14 16:34:10
Garnett Scherrer,Richard Fox,emails,2017-02-14 23:52:19
Richard Fox,Santana Schacter,emails,2017-02-15 08:25:49
Richard Fox,Herman Rosner,emails,2017-02-16 15:02:47
Kerstin Belveal,Augusta Sharp,emails,2017-02-17 05:38:53
Lavona Smola,Richard Fox,emails,2017-02-20 14:24:57
Richard Fox,Jonna Tott,emails,2017-02-21 04:54:49
Latisha Mccarver,Richard Fox,emails,2017-02-21 04:55:01
Adriana Lovaas,Richard Fox,emails,2017-02-21 06:33:05
Richard Fox,Brianne Defayette,emails,2017-02-23 16:03:14
Richard Fox,Cruz Targett,emails,2017-02-23 16:27:37
Bernice Morales,Richard Fox,emails,2017-02-24 14:52:55
Hortencia Hoetger,Richard Fox,emails,2017-02-25 19:19:16
Sheilah Stachniw,Kerstin Belveal,emails,2017-02-25 20:38:53
Marlo Cassella,Richard Fox,emails,2017-02-26 05:09:49
Richard Fox,Bobby Maxwell,emails,2017-02-27 21:05:26
Meryl Pastuch,Dillon Swiderski,emails,2017-03-02 20:33:24
Richard Fox,Jarvis Oquinn,emails,2017-03-06 05:34:15
Richard Fox,Nikia Ryder,emails,2017-03-08 12:20:29
Ramiro Gault,Jose Ringwald,emails,2017-03-10 17:38:53
Richard Fox,Eula Dashno,emails,2017-03-11 11:12:04
Richard Fox,Corine Chihuahua,emails,2017-03-15 17:08:37
Richard Fox,Annabel Monnin,emails,2017-03-15 17:50:39
Meryl Pastuch,Yulanda Maymon,emails,2017-03-18 07:55:53
Cesar Villarta,Richard Fox,emails,2017-03-19 14:54:33
Cheree Bingler,Richard Fox,emails,2017-03-19 14:55:46
Matthew Patterson,Richard Fox,emails,2017-03-20 04:18:38
Meryl Pastuch,Jodi Cronoble,emails,2017-03-21 05:52:02
Richard Fox,Vernell Betacourt,emails,2017-03-23 05:34:36
Ofelia Nose,Richard Fox,emails,2017-03-23 10:41:53
Richard Fox,Sylvia Rose,emails,2017-03-27 05:26:31
Elaina Decena,Richard Fox,emails,2017-03-27 05:26:54
Jordan Mathis,Meryl Pastuch,emails,2017-03-27 06:47:19
Richard Fox,Hilma Mirao,emails,2017-03-31 01:03:11
Leroy Hamilton,Richard Fox,emails,2017-04-01 03:32:45
Ray Johnston,Richard Fox,emails,2017-04-03 20:57:05
Jerry Hardy,Meryl Pastuch,emails,2017-04-07 04:54:10
Francoise Swirsky,Richard Fox,emails,2017-04-08 21:37:16
Meryl Pastuch,Rhett Cappellano,emails,2017-04-09 03:42:28
Kindra Ledl,Richard Fox,emails,2017-04-14 21:37:32
Richard Fox,Curtis Patrick,emails,2017-04-14 21:38:28
Lindsy Henion,Augusta Sharp,emails,2017-04-14 22:18:53
Richard Fox,Wava Paap,emails,2017-04-17 05:53:38
Richard Fox,Inez Powers,emails,2017-04-17 05:56:21
Michelina Lindorf,Richard Fox,emails,2017-04-17 05:56:57
Richard Fox,Luigi Purington,emails,2017-04-17 16:13:47
Twana Spartin,Meryl Pastuch,emails,2017-04-26 06:32:56
Gabriel Vasquez,Richard Fox,emails,2017-04-28 15:40:38
Richard Fox,Vincent Clarke,emails,2017-04-28 15:40:49
Meryl Pastuch,Clayton Morrison,emails,2017-04-28 16:15:29
Demetra Vickers,Richard Fox,emails,2017-05-02 15:05:34
Richard Fox,Ashlie Tarboro,emails,2017-05-02 23:28:46
Keila Mages,Richard Fox,emails,2017-05-02 23:29:35
Virginia Hubbard,Meryl Pastuch,emails,2017-05-04 15:32:53
Meryl Pastuch,Sunshine Defouw,emails,2017-05-04 15:33:12
Richard Fox,Erik Allen,emails,2017-05-05 02:07:37
Richard Fox,Mathilda Little,emails,2017-05-05 02:07:55
Richard Fox,Caleb Norris,emails,2017-05-07 21:15:58
Cherri Getts,Richard Fox,emails,2017-05-08 00:34:12
Lucas Lane,Richard Fox,emails,2017-05-08 08:58:51
Betty Atkins,Meryl Pastuch,emails,2017-05-10 07:42:05
Richard Fox,Astrid Sokoloff,emails,2017-05-11 01:00:13
Jimmy Sharp,Richard Fox,emails,2017-05-13 02:38:04
Richard Fox,Kylee Exler,emails,2017-05-15 02:17:20
Johna Trotti,Richard Fox,emails,2017-05-15 12:28:52
Richard Fox,Emerald Peavler,emails,2017-05-15 22:18:13
Richard Fox,Dalia Nebred,emails,2017-05-16 21:27:51
Richard Fox,Janelle Curreri,emails,2017-05-20 00:09:58
May Burton,Richard Fox,emails,2017-05-24 22:38:53
Peggie Ricker,Richard Fox,emails,2017-05-25 20:22:59
Sallie Robbins,Richard Fox,emails,2017-05-25 20:23:16
Richard Fox,Dian Chears,emails,2017-05-26 01:44:04
Landon Carpino,Richard Fox,emails,2017-05-26 10:01:59
Richard Fox,Chance Sirkoch,emails,2017-05-26 13:05:37
Della Peterson,Richard Fox,emails,2017-05-26 13:06:10
Keith Carson,Richard Fox,emails,2017-05-27 16:59:46
Ferne Hards,Lindsy Henion,emails,2017-05-27 20:13:53
Gino Cannell,Richard Fox,emails,2017-05-28 19:12:33
Richard Fox,Francie Mabry,emails,2017-05-28 22:44:00
Meryl Pastuch,Beulah Harvey,emails,2017-05-28 22:49:40
Iva Morales,Richard Fox,emails,2017-05-30 23:43:28
Harry Black,Richard Fox,emails,2017-05-31 19:29:15
Richard Fox,Jose Hodges,emails,2017-06-02 13:37:23
Joannie Silliman,Richard Fox,emails,2017-06-02 13:37:24
Christopher Hackmeyer,Richard Fox,emails,2017-06-03 03:31:24
Nettie Rachi,Richard Fox,emails,2017-06-07 08:09:41
Dorcas Liscomb,Richard Fox,emails,2017-06-10 12:37:22
Martina Wojnar,Richard Fox,emails,2017-06-14 10:31:24
James Sicola,Richard Fox,emails,2017-06-16 18:50:16
Lindsy Henion,Bruce Burr,emails,2017-06-17 13:26:27
Richard Fox,Fernando Rehm,emails,2017-06-19 07:13:49
Marian Barton,Richard Fox,emails,2017-06-19 07:13:54
Richard Fox,Leona Brooks,emails,2017-06-19 23:14:46
Margaret Lowe,Richard Fox,emails,2017-06-19 23:15:50
Richard Fox,Olen Brosco,emails,2017-06-21 07:41:06
Richard Fox,Dona Malecha,emails,2017-06-21 08:13:40
Eddie Bryan,Richard Fox,emails,2017-06-22 10:43:28
Richard Fox,Milissa Puna,emails,2017-06-22 10:44:02
Hattie Grant,Richard Fox,emails,2017-06-22 12:42:51
Richard Fox,Marline Mcwatters,emails,2017-06-22 12:43:17
Nida Tomspon,Meryl Pastuch,emails,2017-06-22 15:07:16
Richard Fox,Nohemi Biser,emails,2017-06-23 11:08:05
Richard Fox,Mayme Holt,emails,2017-06-23 11:08:35
Richard Fox,Tony Chavez,emails,2017-06-23 15:02:16
Richard Fox,Sherita Barhorst,emails,2017-06-24 10:21:05
Leo Hall,Richard Fox,emails,2017-06-24 10:21:26
Woodrow Dicke,Richard Fox,emails,2017-06-24 15:13:19
Song Withey,Richard Fox,emails,2017-06-24 19:44:58
Kirby Orduna,Richard Fox,emails,2017-06-29 02:56:18
Richard Fox,Eula Boyd,emails,2017-06-30 09:13:11
Ji Caplinger,Richard Fox,emails,2017-07-01 15:57:05
Richard Fox,Everette Ruh,emails,2017-07-02 12:08:45
Meryl Pastuch,Dale Stevenson,emails,2017-07-03 16:53:11
Richard Fox,Bryan Rhodes,emails,2017-07-10 06:08:57
Donald Ramsey,Richard Fox,emails,2017-07-10 06:09:18
Richard Fox,Micheal Simpson,emails,2017-07-10 15:28:48
Richard Fox,Trevor Henderson,emails,2017-07-10 23:17:59
Gregory Klepacki,Richard Fox,emails,2017-07-10 23:18:28
Grace Riley,Meryl Pastuch,emails,2017-07-11 14:55:20
Kathy Lindfors,Richard Fox,emails,2017-07-12 20:53:23
Richard Fox,Mathew Cope,emails,2017-07-18 06:13:47
Emma Daniels,Richard Fox,emails,2017-07-18 14:07:41
Mika Volkert,Richard Fox,emails,2017-07-21 15:33:42
Richard Fox,Francis Miller,emails,2017-07-24 20:53:23
Hallie Stagman,Richard Fox,emails,2017-07-26 10:46:32
Richard Fox,Loreta Musty,emails,2017-08-02 21:24:25
Leonora Asselin,Richard Fox,emails,2017-08-02 21:24:26
Lonny Donawa,Richard Fox,emails,2017-08-06 10:58:08
Willie Lilyquist,Richard Fox,emails,2017-08-06 14:27:45
Juan Walsh,Meryl Pastuch,emails,2017-08-07 05:03:47
Tonya Biedenbender,Meryl Pastuch,emails,2017-08-08 04:50:11
Palmer Kilborne,Richard Fox,emails,2017-08-11 12:20:37
Jae Thang,Richard Fox,emails,2017-08-12 00:58:38
Richard Fox,Magaly Hofmans,emails,2017-08-14 08:07:21
Meryl Pastuch,Williemae Hazelton,emails,2017-08-15 18:06:21
Dusty Dekle,Richard Fox,emails,2017-08-16 01:43:06
Sara Ballard,Lindsy Henion,emails,2017-08-16 20:40:33
Richard Fox,Annamae Garlitz,emails,2017-08-21 22:08:06
Rosalina Kahle,Richard Fox,emails,2017-08-23 08:52:26
Richard Fox,Della Glover,emails,2017-08-23 08:53:28
Rolanda Yock,Richard Fox,emails,2017-08-23 16:07:31
Richard Fox,Clifford Castro,emails,2017-08-26 06:47:43
Jude Conteras,Meryl Pastuch,emails,2017-08-29 00:02:41
Peter Fahnestock,Meryl Pastuch,emails,2017-08-31 00:35:54
Shantay Domagalski,Richard Fox,emails,2017-08-31 11:49:18
Melodi Hang,Richard Fox,emails,2017-09-02 16:57:09
Richard Fox,Gonzalo Erixon,emails,2017-09-02 16:57:44
Flavia Stray,Meryl Pastuch,emails,2017-09-03 21:34:17
Lenita Rhymer,Meryl Pastuch,emails,2017-09-03 21:34:19
Richard Fox,Lynetta Ridpath,emails,2017-09-04 23:17:17
Genoveva Mozley,Richard Fox,emails,2017-09-08 16:07:05
Georgia Robinson,Richard Fox,emails,2017-09-12 01:22:22
Richard Fox,Elvira Kneedler,emails,2017-09-13 14:40:01
Barry Tate,Meryl Pastuch,emails,2017-09-13 16:28:36
Jessie Kowalske,Meryl Pastuch,emails,2017-09-13 16:29:01
Jacquiline Debiasi,Meryl Pastuch,emails,2017-09-14 06:09:09
Kerstin Belveal,Rosalia Larroque,emails,2017-09-14 18:32:03
Kerstin Belveal,Rosalia Larroque,emails,2017-09-14 20:57:33
Paulene Remley,Richard Fox,emails,2017-09-16 00:32:26
Rosalia Larroque,Kerstin Belveal,emails,2017-09-18 04:33:43
Rosalia Larroque,Kerstin Belveal,emails,2017-09-20 12:07:03
Richard Fox,Charles Padilla,emails,2017-09-24 02:04:07
Richard Fox,Alayna Lightbourne,emails,2017-09-24 02:04:22
Desire Valiton,Meryl Pastuch,emails,2017-09-25 11:45:30
Meryl Pastuch,Kyle Jomes,emails,2017-09-25 11:45:55
Nakia Mells,Richard Fox,emails,2017-09-26 19:32:50
Richard Fox,Ernest Fleming,emails,2017-09-26 19:41:51
Richard Fox,Lettie Chapman,emails,2017-09-26 19:42:18
Richard Fox,Lettie Little,emails,2017-10-01 08:01:32
Lesa Brabston,Richard Fox,emails,2017-10-03 13:22:57
Phoebe Carlson,Richard Fox,emails,2017-10-03 23:54:05
Rosanna Vath,Richard Fox,emails,2017-10-04 23:46:54
Richard Fox,Olga Harvey,emails,2017-10-04 23:47:28
Neomi Ralbovsky,Richard Fox,emails,2017-10-05 16:28:08
Ila Garib,Lindsy Henion,emails,2017-10-06 05:52:36
Loriann Lamoreux,Richard Fox,emails,2017-10-10 00:16:33
Meryl Pastuch,Milo Sotto,emails,2017-10-11 07:16:37
Ardell Matusik,Richard Fox,emails,2017-10-11 14:03:56
Harvey Turner,Richard Fox,emails,2017-10-14 12:34:02
Ashton Spatafora,Richard Fox,emails,2017-10-14 22:19:35
Mildred Klein,Richard Fox,emails,2017-10-16 02:14:47
Mike Serafin,Richard Fox,emails,2017-10-18 09:35:19
Richard Fox,Luke Taylor,emails,2017-10-18 19:03:40
Bruce Alvarez,Richard Fox,emails,2017-10-18 21:03:47
Juan Walsh,Lindsy Henion,emails,2017-10-19 01:49:34
Meryl Pastuch,Andrea Masini,emails,2017-10-21 17:34:00
Meryl Pastuch,Phuong Dimodica,emails,2017-10-23 22:11:32
Meryl Pastuch,Gabriel Burns,emails,2017-10-24 21:11:01
Meryl Pastuch,Brandon Chapman,emails,2017-10-24 21:12:26
Carri Mceldowney,Meryl Pastuch,emails,2017-10-25 16:29:44
Richard Fox,Phoebe Butler,emails,2017-10-28 04:43:12
Richard Fox,Blake Stokes,emails,2017-11-01 03:48:27
Bryan Kelley,Ramiro Gault,emails,2017-11-01 16:14:06
Jackson Stewart,Meryl Pastuch,emails,2017-11-03 10:49:52
Richard Fox,Logan Nichols,emails,2017-11-05 15:24:10
Ora Ortiz,Richard Fox,emails,2017-11-05 15:25:10
Amelia Robinson,Richard Fox,emails,2017-11-06 01:55:10
Richard Fox,Rosetta Gardner,emails,2017-11-06 01:55:53
Andrew Rhodes,Augusta Sharp,emails,2017-11-06 07:10:53
Sammie Bertoni,Richard Fox,emails,2017-11-07 08:24:15
Richard Fox,Kathi Montcalm,emails,2017-11-07 08:25:41
Stanton Westermark,Rosalia Larroque,emails,2017-11-07 10:29:59
Joannie Nunmaker,Rosalia Larroque,emails,2017-11-07 10:30:42
Ronnie Landsaw,Richard Fox,emails,2017-11-09 02:19:10
Eugenia Gomez,Richard Fox,emails,2017-11-09 05:37:53
Richard Fox,Clayton Snyder,emails,2017-11-09 10:16:17
Richard Fox,Florida Skidgel,emails,2017-11-09 10:17:07
Demetrius Tillery,Kerstin Belveal,emails,2017-11-11 11:24:18
Hassie Anzalone,Rosalia Larroque,emails,2017-11-12 07:22:31
Claudia Brooks,Meryl Pastuch,emails,2017-11-13 07:50:53
Meryl Pastuch,Cecilia Casey,emails,2017-11-13 14:21:29
Richard Fox,Shenika Piepenburg,emails,2017-11-13 18:01:47
Claretha Mileham,Richard Fox,emails,2017-11-18 18:57:01
Malia Henniger,Meryl Pastuch,emails,2017-11-19 13:55:59
Augusta Sharp,Mitch Millot,emails,2017-11-19 22:48:21
Luis Hanson,Jose Ringwald,emails,2017-11-19 23:24:10
Jose Ringwald,Lindsy Henion,emails,2017-11-22 04:38:53
Alex Griffith,Richard Fox,emails,2017-11-23 11:30:40
Holli Pecot,Richard Fox,emails,2017-11-23 15:43:00
Gwendolyn Sivils,Richard Fox,emails,2017-11-27 20:14:39
Richard Fox,Manuel Stone,emails,2017-11-28 07:26:05
Garrett Sanfilippo,Richard Fox,emails,2017-12-01 09:44:05
Tyler Mann,Richard Fox,emails,2017-12-02 00:42:30
Retha Clynes,Richard Fox,emails,2017-12-02 10:17:34
Rhiannon Bastian,Meryl Pastuch,emails,2017-12-02 14:12:19
Kerstin Belveal,Retta Bromagen,emails,2017-12-04 13:00:34
Rosalia Larroque,Sid Demmy,emails,2017-12-04 13:11:40
Richard Fox,Sammie Wilber,emails,2017-12-04 22:19:06
Kasie Greaney,Richard Fox,emails,2017-12-08 01:06:57
Lindsy Henion,Genevieve Massey,emails,2017-12-08 06:21:21
Richard Fox,Malik Reial,emails,2017-12-13 07:19:53
Alia Eighmy,Richard Fox,emails,2017-12-16 00:13:45
Hershel Blatchford,Meryl Pastuch,emails,2017-12-18 09:42:56
Lena Cobb,Richard Fox,emails,2017-12-21 22:25:49
Richard Fox,Adriene Carbonella,emails,2017-12-22 11:46:56
Gayla Cusson,Augusta Sharp,emails,2017-12-23 11:34:30
Augusta Sharp,Marcus Murphy,emails,2017-12-23 11:35:10
Leonard Graham,Richard Fox,emails,2017-12-25 02:23:46
Meryl Pastuch,Sydney Willbanks,emails,2017-12-28 17:05:16
Jennefer Lanze,Meryl Pastuch,emails,2017-12-28 17:06:39
Gaylene Knable,Richard Fox,emails,2017-12-30 00:48:53
Kerstin Belveal,Florence Ward,emails,2017-12-30 10:21:23
Kerstin Belveal,Loura Goodnight,emails,2017-12-30 10:22:15
Monet Navarez,Meryl Pastuch,emails,2017-12-30 20:12:36
Richard Fox,Jane Tyler,calls,2015-05-19 13:44:07
Reggie Manternach,Richard Fox,calls,2015-05-19 13:44:40
Richard Fox,Mabel Ramirez,calls,2015-05-22 20:38:29
Richard Fox,Donetta Eshleman,calls,2015-05-22 20:39:55
Richard Fox,Jimmy Llewellyn,calls,2015-05-22 20:41:28
Richard Fox,Beatrice Barton,calls,2015-05-23 09:13:36
Richard Fox,Rebecca Jefferson,calls,2015-05-23 16:52:18
Marian Alexander,Richard Fox,calls,2015-05-24 04:19:09
Lucile Fuller,Richard Fox,calls,2015-05-24 04:29:38
Richard Fox,Alex Wilkins,calls,2015-05-25 06:20:47
Elbert Magoun,Richard Fox,calls,2015-05-25 06:21:54
Richard Fox,Terrilyn Overkamp,calls,2015-05-25 15:17:41
Madaline Kreitzer,Richard Fox,calls,2015-05-25 15:18:07
Richard Fox,Rebecca Goodman,calls,2015-05-25 16:02:03
Masako Greenhalge,Richard Fox,calls,2015-05-25 16:02:27
Brad Trapanese,Richard Fox,calls,2015-05-26 09:36:11
Richard Fox,Nancy Austin,calls,2015-05-26 09:36:26
Salena Visnosky,Richard Fox,calls,2015-05-27 08:52:09
Shane Labella,Richard Fox,calls,2015-05-27 23:05:26
Richard Fox,Ilse Shingleton,calls,2015-05-30 09:47:22
Richard Fox,Clifford McGuire,calls,2015-05-30 09:47:24
Jeremy Favor,Richard Fox,calls,2015-05-31 00:20:20
Richard Fox,Sau Chappelle,calls,2015-05-31 00:21:03
Evangelina Herbold,Richard Fox,calls,2015-05-31 08:18:01
Richard Fox,Louisa Torres,calls,2015-05-31 21:59:27
Jonathan Hubbard,Richard Fox,calls,2015-06-05 02:19:10
Arvilla Jennifer,Richard Fox,calls,2015-06-06 11:16:12
Richard Fox,Randy Stokes,calls,2015-06-06 11:17:17
Maryellen Guridi,Richard Fox,calls,2015-06-06 13:29:41
Richard Fox,Emma Millar,calls,2015-06-06 13:30:03
Stefany Merck,Richard Fox,calls,2015-06-08 14:04:26
Tom Martin,Richard Fox,calls,2015-06-10 16:49:41
Richard Fox,Graciela Leake,calls,2015-06-12 10:54:02
Philip Pratt,Richard Fox,calls,2015-06-13 03:01:16
Richard Fox,Evan Ray,calls,2015-06-13 03:01:49
Sean McDonald,Richard Fox,calls,2015-06-14 06:55:29
Richard Fox,Lawrence Berry,calls,2015-06-16 12:22:09
Columbus Capouch,Richard Fox,calls,2015-06-16 21:02:23
Richard Fox,Loretta Castillo,calls,2015-06-17 13:39:34
Norris Bernson,Richard Fox,calls,2015-06-19 07:26:00
Richard Fox,Timothy Gibson,calls,2015-06-20 00:21:35
Fausto Dumphy,Richard Fox,calls,2015-06-20 00:21:45
Richard Fox,Christian Barber,calls,2015-06-23 15:04:06
Richard Fox,Corliss Jaber,calls,2015-06-25 15:45:16
Richard Fox,Shizuko Alummoottil,calls,2015-06-25 15:46:21
Elsy Toney,Richard Fox,calls,2015-06-28 06:02:48
Richard Fox,Josie Ramos,calls,2015-06-28 06:03:47
Jack Diaz,Richard Fox,calls,2015-06-29 14:21:35
Richard Fox,Deloris Cusano,calls,2015-07-03 05:27:06
Gary Avenia,Richard Fox,calls,2015-07-06 18:30:39
Glen Richards,Richard Fox,calls,2015-07-06 21:08:37
Richard Fox,Kristle Wenzinger,calls,2015-07-07 07:46:41
Kenneth Craig,Richard Fox,calls,2015-07-07 13:19:31
Richard Fox,Jimmy Llewellyn,calls,2015-07-07 13:19:49
Pam Plosker,Meryl Pastuch,calls,2015-07-12 07:18:42
Meryl Pastuch,Suzette Gulden,calls,2015-07-12 07:19:00
Meryl Pastuch,Johnnie Kalhorn,calls,2015-07-12 19:43:42
Estela Dewing,Richard Fox,calls,2015-07-13 10:01:49
Richard Fox,Shenna Tynio,calls,2015-07-13 10:01:50
Ella McLaughlin,Richard Fox,calls,2015-07-14 03:25:16
Richard Fox,Leann Thresher,calls,2015-07-14 03:25:27
Kevin Wilkins,Meryl Pastuch,calls,2015-07-15 06:57:23
Richard Fox,Billy Cummings,calls,2015-07-16 17:32:41
Richard Fox,Bryan Brown,calls,2015-07-17 13:15:21
Bertram Heffren,Richard Fox,calls,2015-07-17 13:15:50
Richard Fox,Katharine Curtis,calls,2015-07-18 00:12:18
Bianca Miccio,Richard Fox,calls,2015-07-18 02:10:15
Richard Fox,Floyd Rowe,calls,2015-07-18 02:11:01
Raymonde Colpack,Richard Fox,calls,2015-07-18 14:00:50
Richard Fox,Wesley Jensen,calls,2015-07-19 07:57:43
Chia Wahlstrom,Richard Fox,calls,2015-07-19 07:58:42
Richard Fox,Erik Schneider,calls,2015-07-22 16:53:41
Bao Hartly,Richard Fox,calls,2015-07-28 21:58:29
Jayne Cronoble,Richard Fox,calls,2015-07-30 13:26:00
Richard Fox,Danny Morton,calls,2015-08-01 20:19:28
Richard Fox,Diane Cuti,calls,2015-08-02 06:45:02
Richard Fox,Mercy Gullace,calls,2015-08-03 13:28:42
Johnny Garcia,Richard Fox,calls,2015-08-03 13:28:43
Gary Stephens,Richard Fox,calls,2015-08-05 14:53:34
Shawnda Wirght,Richard Fox,calls,2015-08-07 14:47:40
Bruce Fuller,Richard Fox,calls,2015-08-08 06:09:35
Richard Fox,Thomas Cannon,calls,2015-08-08 06:10:07
Richard Fox,Yulanda Maymon,calls,2015-08-08 22:38:20
Rosalva Geoffroy,Richard Fox,calls,2015-08-09 18:18:04
Richard Fox,Lisette Lacomb,calls,2015-08-10 10:23:46
Mathilda Doyle,Richard Fox,calls,2015-08-10 10:24:34
Violet Cain,Meryl Pastuch,calls,2015-08-11 20:31:35
Meryl Pastuch,Serita Graciano,calls,2015-08-11 20:32:29
Richard Fox,Ian Newton,calls,2015-08-13 04:17:03
Kate Collier,Richard Fox,calls,2015-08-13 04:17:22
Richard Fox,Jimmy Lamb,calls,2015-08-13 12:46:31
Sharie Weir,Richard Fox,calls,2015-08-13 12:46:42
Richard Fox,Ariana Crawley,calls,2015-08-15 10:59:56
Joanna Glassman,Richard Fox,calls,2015-08-15 11:00:57
Toshia Kestler,Richard Fox,calls,2015-08-15 15:22:37
Richard Fox,Timothy Gibson,calls,2015-08-17 00:09:14
Richard Fox,Julia Freeman,calls,2015-08-24 11:52:04
Lynwood Pybus,Richard Fox,calls,2015-08-24 11:53:29
Annamaria Keetan,Richard Fox,calls,2015-08-24 21:46:10
Walton Garibaldo,Richard Fox,calls,2015-08-26 05:44:51
Russ Stacy,Richard Fox,calls,2015-08-26 22:18:29
Richard Fox,Wesley Harrington,calls,2015-08-26 22:18:33
Shandra Rovack,Richard Fox,calls,2015-08-27 11:43:36
Louetta Zahm,Richard Fox,calls,2015-08-29 23:21:38
Richard Fox,Wesley Horton,calls,2015-08-29 23:22:15
Tamar Manteca,Richard Fox,calls,2015-08-30 03:08:32
Richard Fox,Donette Rotramel,calls,2015-08-31 23:41:32
Jay Brewer,Richard Fox,calls,2015-08-31 23:42:03
Mitchell Padilla,Richard Fox,calls,2015-09-07 21:30:31
Lisette Korab,Richard Fox,calls,2015-09-10 22:18:42
Meryl Pastuch,Vivan Starck,calls,2015-09-10 22:29:24
Richard Fox,Elijah Tran,calls,2015-09-13 15:29:09
Cristine Tejada,Richard Fox,calls,2015-09-15 17:43:56
Richard Fox,Jason Wood,calls,2015-09-15 17:44:08
Richard Fox,Sam Jones,calls,2015-09-15 18:44:41
Jose Sarazin,Richard Fox,calls,2015-09-15 18:45:23
Cristi Precella,Richard Fox,calls,2015-09-16 13:28:33
Richard Fox,Ludivina Nastasia,calls,2015-09-16 13:29:10
Brett Graham,Meryl Pastuch,calls,2015-09-16 20:12:35
Meryl Pastuch,Alina Lewark,calls,2015-09-16 20:13:35
Christopher Duncan,Meryl Pastuch,calls,2015-09-17 04:16:11
Sherilyn Dorpinghaus,Richard Fox,calls,2015-09-20 00:15:23
Malcom Burklow,Richard Fox,calls,2015-09-20 05:26:47
Richard Fox,Dorie Rollin,calls,2015-09-20 19:26:28
Richard Fox,Brent Bell,calls,2015-09-20 19:26:50
Meryl Pastuch,Maia Ballerini,calls,2015-09-21 07:45:00
Myles Deane,Meryl Pastuch,calls,2015-09-21 07:45:03
Chauncey Cloud,Richard Fox,calls,2015-09-22 03:28:53
Richard Fox,Diane Cuti,calls,2015-09-23 21:40:55
Lucile Jenkins,Richard Fox,calls,2015-09-23 21:41:22
Mireille Hastert,Richard Fox,calls,2015-09-25 20:22:37
Jesse Rodgers,Richard Fox,calls,2015-09-26 00:45:16
Richard Fox,Florentina Rechichi,calls,2015-09-26 06:23:14
Richard Fox,Alex Wilkins,calls,2015-09-28 15:03:57
Randy Love,Richard Fox,calls,2015-09-28 15:04:38
Latasha Camper,Richard Fox,calls,2015-10-02 05:11:49
Kenneth Brooks,Richard Fox,calls,2015-10-04 19:23:37
Twanda Wayment,Richard Fox,calls,2015-10-07 10:50:15
Roslyn Muskthel,Richard Fox,calls,2015-10-08 13:32:06
Richard Fox,Alethia Borom,calls,2015-10-09 08:12:11
Richard Fox,Brittani Anzora,calls,2015-10-13 10:00:22
Richard Fox,Darleen Rubidoux,calls,2015-10-13 13:08:11
Juan Walsh,Meryl Pastuch,calls,2015-10-13 15:02:30
Meryl Pastuch,Jackson McBride,calls,2015-10-13 15:02:54
Richard Fox,Joan Renze,calls,2015-10-13 17:43:11
Richard Fox,Mina Cobb,calls,2015-10-15 04:14:27
Daphne Cassar,Meryl Pastuch,calls,2015-10-16 05:38:55
Mellie Drummer,Richard Fox,calls,2015-10-16 22:04:04
Richard Fox,Prince Vijayan,calls,2015-10-24 01:04:43
Brice Piccillo,Richard Fox,calls,2015-10-24 01:05:36
Meryl Pastuch,Seth Carter,calls,2015-10-26 02:06:46
Nan Treichel,Meryl Pastuch,calls,2015-10-26 02:08:01
Richard Fox,Corinne Veatch,calls,2015-10-27 07:59:55
Meryl Pastuch,Carl Banks,calls,2015-10-28 07:03:34
Richard Fox,Hedy Wnuk,calls,2015-10-29 06:12:54
Richard Fox,Ferne Hards,calls,2015-11-03 09:34:53
Claudia McCarthy,Richard Fox,calls,2015-11-04 06:48:50
Richard Fox,Lindsy Henion,calls,2015-11-04 16:02:03
Richard Fox,Meryl Pastuch,calls,2015-11-04 18:21:03
Dylan Ballard,Augusta Sharp,calls,2015-11-06 02:50:53
Richard Fox,Martha Harris,calls,2015-11-06 02:59:53
Meryl Pastuch,Madeline Nindorf,calls,2015-11-06 13:38:53
Kerstin Belveal,Jose Ringwald,calls,2015-11-06 18:23:53
Lura Chapman,Meryl Pastuch,calls,2015-11-07 12:38:39
Sheilah Stachniw,Meryl Pastuch,calls,2015-11-07 23:40:53
Lindsy Henion,Sheilah Stachniw,calls,2015-11-08 07:05:53
Meryl Pastuch,Rosalia Larroque,calls,2015-11-08 07:22:13
Kerstin Belveal,Ramiro Gault,calls,2015-11-08 08:38:53
Richard Fox,Kerstin Belveal,calls,2015-11-08 11:03:53
Augusta Sharp,Melita Scarpaci,calls,2015-11-08 11:18:53
Jose Ringwald,Refugio Orrantia,calls,2015-11-09 06:02:53
Jose Ringwald,Sherrell Biebel,calls,2015-11-10 10:28:53
Madeline Nindorf,Meryl Pastuch,calls,2015-11-11 13:38:53
Richard Fox,Chandra Durepo,calls,2015-11-11 16:57:12
Sherrell Biebel,Ramiro Gault,calls,2015-11-14 10:32:53
Jose Ringwald,Ramiro Gault,calls,2015-11-16 18:20:53
Patrick Lane,Richard Fox,calls,2015-11-18 16:05:53
Richard Fox,Madge Montgomery,calls,2015-11-19 10:00:59
Meryl Pastuch,Rosalia Larroque,calls,2015-11-20 03:06:53
Ramiro Gault,Kerstin Belveal,calls,2015-11-20 11:44:53
Dylan Ballard,Meryl Pastuch,calls,2015-11-21 13:46:53
Richard Fox,Cory King,calls,2015-11-22 15:36:44
Richard Fox,Sachiko Sanabria,calls,2015-11-23 12:22:40
Richard Fox,Juan Walsh,calls,2015-11-23 16:06:35
Meryl Pastuch,Vi Basco,calls,2015-11-25 01:00:32
Minda Pecora,Meryl Pastuch,calls,2015-11-25 01:01:02
Meryl Pastuch,Sheilah Stachniw,calls,2015-11-25 02:10:53
Meryl Pastuch,Jerome Sharp,calls,2015-11-25 07:31:15
Harriette Nori,Meryl Pastuch,calls,2015-11-25 07:31:31
Sara Ballard,Lindsy Henion,calls,2015-11-25 09:35:53
Refugio Orrantia,Jose Ringwald,calls,2015-11-26 08:15:53
Richard Fox,Verdell Sabbah,calls,2015-11-30 22:55:39
Nannie Erickson,Richard Fox,calls,2015-12-01 18:35:43
Celena Genge,Richard Fox,calls,2015-12-01 22:23:06
Richard Fox,Amelia Cain,calls,2015-12-01 22:23:23
Estella Greene,Richard Fox,calls,2015-12-02 21:45:25
Richard Fox,Jessie Price,calls,2015-12-03 14:27:24
Meryl Pastuch,Dylan Ballard,calls,2015-12-06 17:55:53
Richard Fox,Louvenia Kleiber,calls,2015-12-07 20:15:07
Richard Fox,Walter Hines,calls,2015-12-08 07:41:36
Jacque Aronstein,Richard Fox,calls,2015-12-08 07:41:44
Glen Grant,Richard Fox,calls,2015-12-09 08:22:53
Dylan Ballard,Lindsy Henion,calls,2015-12-10 08:06:53
Leandra Obrecht,Richard Fox,calls,2015-12-10 17:06:21
Richard Fox,Jerry Kleindienst,calls,2015-12-11 12:09:20
Richard Fox,Josie Drake,calls,2015-12-11 14:06:29
See Bania,Meryl Pastuch,calls,2015-12-11 21:34:03
Meryl Pastuch,Nathan Norton,calls,2015-12-11 21:34:06
Jenelle Cassinelli,Richard Fox,calls,2015-12-14 19:00:30
Lindsy Henion,Dylan Ballard,calls,2015-12-17 10:50:53
Erin Suddarth,Richard Fox,calls,2015-12-17 11:45:19
Richard Fox,Elfriede Hochhalter,calls,2015-12-25 23:49:37
Qiana Penceal,Richard Fox,calls,2015-12-29 00:58:13
Rosalia Larroque,Meryl Pastuch,calls,2015-12-29 18:33:53
Kerstin Belveal,Sheilah Stachniw,calls,2015-12-30 02:47:53
Meryl Pastuch,Jerold Ibara,calls,2015-12-30 09:05:27
Myra Wandless,Meryl Pastuch,calls,2015-12-31 07:56:06
Richard Fox,Angelika Quincel,calls,2016-01-01 07:46:33
Richard Fox,Olen Hisle,calls,2016-01-02 02:30:50
Scottie Mcdoe,Richard Fox,calls,2016-01-02 02:31:12
Georgie Reid,Richard Fox,calls,2016-01-03 10:57:37
Rosalia Larroque,Sheilah Stachniw,calls,2016-01-04 14:32:53
Earl Medina,Richard Fox,calls,2016-01-12 03:07:23
Charleen Stasinos,Meryl Pastuch,calls,2016-01-17 18:33:12
Mirtha Pohlson,Meryl Pastuch,calls,2016-01-17 18:34:00
Augusta Sharp,Meryl Pastuch,calls,2016-01-19 22:32:53
Richard Fox,Jennette Ferratt,calls,2016-01-22 23:13:55
Bessie Stokes,Richard Fox,calls,2016-01-22 23:14:50
Meryl Pastuch,Roy Fletcher,calls,2016-01-23 17:40:27
Meryl Pastuch,Annmarie Kratky,calls,2016-01-27 04:59:54
Beulah McCormick,Meryl Pastuch,calls,2016-01-27 05:00:36
Meryl Pastuch,Julie Soiro,calls,2016-01-27 07:36:12
Lloyd Bowen,Meryl Pastuch,calls,2016-01-27 07:36:37
Adriene Carbonella,Richard Fox,calls,2016-01-27 18:22:29
Maggie Arnold,Richard Fox,calls,2016-01-31 18:58:15
Ramiro Gault,Jose Ringwald,calls,2016-02-02 11:41:53
Allene Stallsmith,Richard Fox,calls,2016-02-06 22:16:56
Aletha Staub,Richard Fox,calls,2016-02-06 22:18:29
Rosalia Larroque,Augusta Sharp,calls,2016-02-07 10:33:53
Meryl Pastuch,Deborah Penez,calls,2016-02-07 23:29:02
Randy Furay,Richard Fox,calls,2016-02-08 14:49:50
Delicia Buttars,Richard Fox,calls,2016-02-08 14:50:41
Miguel Rogers,Richard Fox,calls,2016-02-10 15:02:58
Richard Fox,Deidra Caterino,calls,2016-02-10 15:03:18
Augusta Sharp,Kerstin Belveal,calls,2016-02-11 05:07:53
Richard Fox,Myrtle Summers,calls,2016-02-12 02:34:04
Kari Bostain,Richard Fox,calls,2016-02-13 07:40:11
Julia Clarke,Meryl Pastuch,calls,2016-02-15 04:36:17
Meryl Pastuch,Eliza Cohen,calls,2016-02-15 04:36:18
Richard Fox,Dinorah Siwiec,calls,2016-02-18 05:11:06
Lindsy Henion,Meryl Pastuch,calls,2016-02-20 06:14:53
Christian Graham,Richard Fox,calls,2016-02-22 23:43:45
Richard Fox,Hulda Ellis,calls,2016-02-24 04:44:23
Rosalia Larroque,Lindsy Henion,calls,2016-02-27 21:49:53
Richard Fox,Diedre Lanter,calls,2016-02-28 08:59:57
Romeo Patsy,Richard Fox,calls,2016-02-29 14:35:25
Detra Seacat,Richard Fox,calls,2016-03-01 19:47:03
Yelena Vandeweert,Richard Fox,calls,2016-03-02 08:05:45
Richard Fox,Bernard Harper,calls,2016-03-02 10:15:27
Richard Fox,Geraldo Grav,calls,2016-03-03 07:50:30
Chanell Luciano,Richard Fox,calls,2016-03-03 07:51:02
Andera Arone,Meryl Pastuch,calls,2016-03-06 11:25:49
Theresa Lawrence,Meryl Pastuch,calls,2016-03-07 10:46:56
Meryl Pastuch,Millie Reed,calls,2016-03-07 18:17:51
Meryl Pastuch,Cristi Precella,calls,2016-03-07 18:17:59
Richard Fox,Austin Thrope,calls,2016-03-07 21:43:05
Richard Fox,Odell Korgie,calls,2016-03-08 10:31:05
Trish Callaham,Richard Fox,calls,2016-03-08 10:32:15
Richard Fox,Glen Grant,calls,2016-03-09 15:14:53
Meryl Pastuch,Lindsy Henion,calls,2016-03-15 11:49:53
Richard Fox,John Metting,calls,2016-03-17 20:26:08
Gilberto Dramis,Richard Fox,calls,2016-03-17 20:26:54
Logan Paul,Richard Fox,calls,2016-03-21 18:46:24
Ewa Reinecke,Meryl Pastuch,calls,2016-03-22 11:40:59
Richard Fox,Phebe Cody,calls,2016-03-22 16:05:26
Bulah Breheny,Richard Fox,calls,2016-03-22 16:05:43
Sofia Prey,Richard Fox,calls,2016-03-22 18:15:46
Richard Fox,Nancy Roy,calls,2016-03-26 07:55:46
Verna Belotti,Richard Fox,calls,2016-03-26 07:56:07
Richard Fox,Laure Pelkey,calls,2016-03-26 09:10:43
Richard Fox,Deandrea Simser,calls,2016-03-26 09:11:42
Meryl Pastuch,Isabel Porter,calls,2016-03-31 13:14:38
Richard Fox,Delia Wells,calls,2016-03-31 14:41:35
Earlene Eppihimer,Richard Fox,calls,2016-03-31 14:41:42
Sheilah Stachniw,Kerstin Belveal,calls,2016-04-05 14:59:53
Mattie McLaughlin,Richard Fox,calls,2016-04-06 04:00:20
Ora Sparks,Richard Fox,calls,2016-04-06 08:09:35
Richard Fox,Karly Dewan,calls,2016-04-06 08:09:50
Richard Fox,Annett Vanderheyden,calls,2016-04-09 17:37:12
Carolyn Thompson,Richard Fox,calls,2016-04-09 17:37:35
Wesley Lamb,Richard Fox,calls,2016-04-09 20:49:48
Meryl Pastuch,Miquel Valera,calls,2016-04-10 00:37:15
Jalisa Trotti,Meryl Pastuch,calls,2016-04-10 00:37:33
Richard Fox,Patrick Lane,calls,2016-04-12 00:01:53
Richard Fox,Jann Klapper,calls,2016-04-13 18:59:17
Richard Fox,Derek Ghaziani,calls,2016-04-19 00:20:26
Hunter Dawson,Richard Fox,calls,2016-04-20 13:27:22
Richard Fox,Mamie Reed,calls,2016-04-20 13:28:04
Richard Fox,Ferne Hards,calls,2016-04-26 21:54:53
Richard Fox,Lindsy Henion,calls,2016-04-26 21:54:53
Richard Fox,Meryl Pastuch,calls,2016-04-26 21:54:53
Vera Stokes,Richard Fox,calls,2016-04-28 07:35:59
Tobi Gatlin,Ramiro Gault,calls,2016-04-30 05:24:53
Micheal Peters,Richard Fox,calls,2016-04-30 17:53:41
Lillie Castro,Meryl Pastuch,calls,2016-05-02 11:52:10
Richard Fox,Kerstin Belveal,calls,2016-05-02 16:58:53
Mina Morrison,Richard Fox,calls,2016-05-06 10:28:10
Amy Andrews,Richard Fox,calls,2016-05-06 17:48:01
Julieann Bohn,Richard Fox,calls,2016-05-07 00:53:02
Kerstin Belveal,Augusta Sharp,calls,2016-05-07 02:54:53
Richard Fox,Philip Weaver,calls,2016-05-07 10:55:28
Randy Lapilio,Richard Fox,calls,2016-05-08 10:04:54
Meryl Pastuch,Fannie Perez,calls,2016-05-08 17:56:32
Allie Guglielmi,Richard Fox,calls,2016-05-09 12:42:15
Richard Fox,Don Sulejmanovski,calls,2016-05-10 16:41:28
Richard Fox,Dia Cipolone,calls,2016-05-13 13:08:35
Bernice Webb,Richard Fox,calls,2016-05-14 15:28:59
Augusta Sharp,Lindsy Henion,calls,2016-05-17 15:48:53
Meryl Pastuch,Alise Whaltey,calls,2016-05-18 10:17:12
Richard Fox,Lai Langholz,calls,2016-05-18 18:53:16
Meryl Pastuch,Owen Fox,calls,2016-05-19 03:48:01
Carissa Peiffer,Richard Fox,calls,2016-05-20 05:37:50
Richard Fox,Denna Muckerman,calls,2016-05-20 05:38:26
Meryl Pastuch,Madeline Nindorf,calls,2016-05-23 02:11:53
Micah Domeier,Richard Fox,calls,2016-05-25 08:44:33
Richard Fox,Alaine Meeske,calls,2016-05-25 08:45:23
Logan Rinfret,Richard Fox,calls,2016-05-28 02:13:54
Gia Speich,Richard Fox,calls,2016-05-29 17:49:31
Nicholle Werkheiser,Richard Fox,calls,2016-05-29 21:26:26
Chantal Soro,Richard Fox,calls,2016-06-03 14:36:46
Meryl Pastuch,Clayton May,calls,2016-06-05 08:26:43
Chad Peters,Meryl Pastuch,calls,2016-06-05 08:27:02
Joye Kube,Richard Fox,calls,2016-06-05 13:53:14
Mara Poths,Richard Fox,calls,2016-06-06 10:05:15
Richard Fox,Zulma Zaltz,calls,2016-06-06 10:05:21
Richard Fox,Elenor Korkmas,calls,2016-06-07 17:42:23
Betty Townsend,Meryl Pastuch,calls,2016-06-10 11:17:28
Priscila Weck,Richard Fox,calls,2016-06-12 22:33:06
Richard Fox,Edgar Malone,calls,2016-06-15 18:45:19
Aida Delva,Richard Fox,calls,2016-06-18 16:31:12
Richard Fox,Lyn Sarratt,calls,2016-06-18 16:31:36
Richard Fox,Domonique Mano,calls,2016-06-21 13:07:15
Delena Nitkowski,Richard Fox,calls,2016-06-22 23:46:16
Sally Young,Richard Fox,calls,2016-06-28 17:11:11
Richard Fox,Cicely Hervol,calls,2016-06-28 17:11:13
Richard Fox,Deann Hitzfelder,calls,2016-06-30 19:34:31
Thomas Tran,Richard Fox,calls,2016-07-04 12:59:17
Ramiro Gault,Refugio Orrantia,calls,2016-07-06 04:15:53
Kate Gregory,Richard Fox,calls,2016-07-08 03:44:26
Laurice Eichenberg,Richard Fox,calls,2016-07-11 22:18:32
Seth Branam,Richard Fox,calls,2016-07-13 12:53:39
Season Yenner,Richard Fox,calls,2016-07-13 22:19:30
Lindsy Henion,Sara Ballard,calls,2016-07-14 20:57:53
Richard Fox,Gregg Lemieux,calls,2016-07-16 05:09:27
Ralph Barrett,Richard Fox,calls,2016-07-16 05:09:37
Karlyn Divers,Meryl Pastuch,calls,2016-07-18 02:35:30
Gino Hysell,Meryl Pastuch,calls,2016-07-20 08:11:25
Meryl Pastuch,Paris Leebrick,calls,2016-07-22 12:04:45
Meryl Pastuch,Wilton Coutee,calls,2016-07-22 21:45:38
Richard Fox,Charisse Bachas,calls,2016-07-24 06:37:50
Jose Ringwald,Tobi Gatlin,calls,2016-07-25 07:35:53
Richard Fox,Tiana Sichting,calls,2016-07-25 14:39:55
Barry Cruz,Richard Fox,calls,2016-07-26 21:02:46
Richard Fox,Madelene Constantino,calls,2016-07-29 14:43:36
Richard Fox,Trevor Woods,calls,2016-07-30 03:58:51
Estella Woods,Richard Fox,calls,2016-07-30 03:59:49
Torie Lusby,Meryl Pastuch,calls,2016-07-30 16:54:12
Meryl Pastuch,Kristie Wonderling,calls,2016-07-30 16:54:34
Richard Fox,Cira Lougheed,calls,2016-08-04 06:02:05
Joseph Lossing,Richard Fox,calls,2016-08-04 06:02:13
Leandro Krusemark,Richard Fox,calls,2016-08-04 11:01:16
Richard Fox,Loris Verlin,calls,2016-08-04 11:02:09
Richard Fox,Ethan Poole,calls,2016-08-05 11:28:02
Don Hubbard,Richard Fox,calls,2016-08-09 01:00:59
Steven Pope,Richard Fox,calls,2016-08-12 06:11:35
Gertrude Cummings,Richard Fox,calls,2016-08-15 06:55:25
Lindsy Henion,Rosalia Larroque,calls,2016-08-17 11:30:53
Inez Phillips,Meryl Pastuch,calls,2016-08-20 10:51:10
Meryl Pastuch,Marvella Gibeau,calls,2016-08-20 10:52:12
Beulah Copeland,Richard Fox,calls,2016-08-21 01:25:56
Richard Fox,Bettie Dennis,calls,2016-08-21 12:25:09
Noel Rickson,Richard Fox,calls,2016-08-26 16:55:57
Richard Fox,Holley Keens,calls,2016-08-29 20:55:00
Richard Fox,Vernon Herrera,calls,2016-08-30 07:34:26
Richard Fox,Marcus Cook,calls,2016-09-01 00:57:48
Vernon Munoz,Richard Fox,calls,2016-09-01 00:58:34
Richard Fox,Casimira Nolen,calls,2016-09-08 09:12:57
Rogelio Kockler,Richard Fox,calls,2016-09-08 09:13:47
Phillip Stephens,Meryl Pastuch,calls,2016-09-13 06:59:11
Meryl Pastuch,August Flierl,calls,2016-09-13 06:59:57
Meryl Pastuch,Alexander Stevenson,calls,2016-09-13 21:11:40
Leonard Daniel,Richard Fox,calls,2016-09-15 21:55:10
Nettie Yates,Richard Fox,calls,2016-09-17 13:18:05
Richard Fox,Fannie Hardy,calls,2016-09-17 13:18:08
Richard Fox,Riva Milham,calls,2016-09-23 11:49:26
Richard Fox,Patty Reza,calls,2016-09-25 00:21:36
Raymond Wolfe,Richard Fox,calls,2016-09-25 13:19:58
Richard Fox,Lou Neighbors,calls,2016-09-28 15:28:01
Richard Fox,Sara Howell,calls,2016-09-29 09:21:27
Richard Fox,Domenica Lefave,calls,2016-09-29 17:19:08
Richard Fox,Lorrie Ramire,calls,2016-09-29 21:27:18
Richard Fox,Clotilde Coto,calls,2016-09-30 07:07:47
Richard Fox,Cecilia Dovel,calls,2016-09-30 07:54:36
Vincent Kolsrud,Richard Fox,calls,2016-10-01 01:30:32
Liza Maccoll,Richard Fox,calls,2016-10-06 15:44:01
Richard Fox,Christia Tejada,calls,2016-10-08 13:47:50
Meryl Pastuch,Karon Caligari,calls,2016-10-10 06:04:17
Lottie Grant,Richard Fox,calls,2016-10-13 13:34:31
Richard Fox,Elna Jahnsen,calls,2016-10-13 13:34:51
Meryl Pastuch,Lindsy Henion,calls,2016-10-23 07:38:53
Meryl Pastuch,Angelina Burvine,calls,2016-10-24 04:01:22
Nancy Harmon,Richard Fox,calls,2016-10-27 08:07:33
Marguerite Casey,Richard Fox,calls,2016-11-01 10:56:25
Richard Fox,Cherie Dufault,calls,2016-11-01 18:18:56
Richard Fox,Alice Horton,calls,2016-11-02 04:15:19
Brittny Ciulla,Richard Fox,calls,2016-11-03 02:28:41
Lakenya Ciers,Richard Fox,calls,2016-11-03 23:34:42
Meryl Pastuch,Margaret Boyd,calls,2016-11-05 06:35:34
Evelyn Jimenez,Richard Fox,calls,2016-11-12 01:56:43
Richard Fox,Jaunita Westen,calls,2016-11-14 05:58:52
Teresa Jenkins,Richard Fox,calls,2016-11-15 00:55:40
Richard Fox,Garnet Pannebaker,calls,2016-11-15 00:56:49
Chan Kimes,Richard Fox,calls,2016-11-15 04:33:56
Krystyna Mierow,Richard Fox,calls,2016-11-16 02:07:18
Alethia Hollander,Richard Fox,calls,2016-11-19 12:51:17
Richard Fox,Antonio Dillavou,calls,2016-11-19 12:51:24
Sona Bride,Richard Fox,calls,2016-11-23 16:06:52
Bunny Cadmus,Richard Fox,calls,2016-11-24 08:25:04
Richard Fox,Jerri Monie,calls,2016-11-24 08:25:20
Bradley Berry,Richard Fox,calls,2016-11-28 05:57:17
Albertha Quirke,Richard Fox,calls,2016-11-30 02:38:39
Tijuana Sharpsteen,Richard Fox,calls,2016-11-30 02:38:43
Richard Fox,Birdie Schmidt,calls,2016-12-01 21:34:38
Margurite Jump,Richard Fox,calls,2016-12-01 21:35:17
Dalene Wyler,Richard Fox,calls,2016-12-03 05:34:33
Tisha Sersen,Meryl Pastuch,calls,2016-12-04 02:46:57
Richard Fox,Jose Rengel,calls,2016-12-05 06:59:10
Richard Fox,Ellen Lopez,calls,2016-12-06 07:30:26
Richard Fox,Retha Buffin,calls,2016-12-06 17:00:35
Annabel Piscopo,Richard Fox,calls,2016-12-06 17:01:37
Billy Bracamontes,Richard Fox,calls,2016-12-07 22:00:56
Antonio McDonald,Richard Fox,calls,2016-12-08 18:43:44
Richard Fox,Keshia Harb,calls,2016-12-10 04:37:07
Della Floyd,Richard Fox,calls,2016-12-10 04:37:50
Steven Swackhammer,Richard Fox,calls,2016-12-10 05:25:38
Richard Fox,Juan Walsh,calls,2016-12-11 07:52:04
Cierra Volino,Richard Fox,calls,2016-12-11 07:53:30
Meryl Pastuch,Mirella Garton,calls,2016-12-13 14:27:20
Velma Forbach,Richard Fox,calls,2016-12-16 22:55:38
Richard Fox,Gertrude Harrison,calls,2016-12-16 22:55:56
Jose Ringwald,Kerstin Belveal,calls,2016-12-17 01:51:53
Richard Fox,Javier Navarrete,calls,2016-12-18 10:02:33
Lindsy Henion,Richard Fox,calls,2016-12-20 04:32:13
Mittie Banks,Richard Fox,calls,2016-12-21 04:05:01
Richard Fox,Cherri Meinhardt,calls,2016-12-21 04:06:35
Meryl Pastuch,Terence Gorans,calls,2016-12-23 02:45:14
Hettie Gomez,Richard Fox,calls,2016-12-29 14:40:34
Richard Fox,Nell Larson,calls,2016-12-29 14:41:27
Meryl Pastuch,Roland Freemyer,calls,2017-01-03 20:54:17
Christian Shaftic,Meryl Pastuch,calls,2017-01-05 20:24:17
Meryl Pastuch,Francisco Luna,calls,2017-01-05 20:25:04
Richard Fox,Leisha Terronez,calls,2017-01-16 06:39:25
Tomika Knori,Richard Fox,calls,2017-01-16 06:39:47
Larry Nguyen,Richard Fox,calls,2017-01-17 08:51:24
Richard Fox,Sumiko Benney,calls,2017-01-18 04:09:23
Bettie Jefferson,Richard Fox,calls,2017-01-18 04:09:54
Richard Fox,Kerry Hofstetter,calls,2017-01-21 19:33:32
Richard Fox,Luke Newman,calls,2017-01-27 13:34:40
Lashay Saverchenko,Richard Fox,calls,2017-01-27 13:35:03
Richard Fox,Margret Sas,calls,2017-02-03 16:45:07
Richard Fox,Hyon Zambelli,calls,2017-02-08 22:05:49
Richard Fox,Rodger Wojnowski,calls,2017-02-10 13:50:19
Gregory Hunter,Richard Fox,calls,2017-02-15 08:25:43
Maribeth Corrao,Richard Fox,calls,2017-02-16 15:03:53
Richard Fox,Guillermina Demeritte,calls,2017-02-17 09:30:05
Clifton Rapisura,Richard Fox,calls,2017-02-17 09:30:15
Ileen Delasko,Richard Fox,calls,2017-02-19 19:41:15
Richard Fox,Amelia Wright,calls,2017-02-20 14:24:22
Richard Fox,Trena Wernick,calls,2017-02-21 06:32:33
Isaura Notte,Richard Fox,calls,2017-02-23 16:27:00
Eboni Medlen,Richard Fox,calls,2017-02-24 14:53:12
Darryl Altenhofen,Richard Fox,calls,2017-02-27 21:05:58
Laurice Eichenberg,Meryl Pastuch,calls,2017-03-01 12:14:45
Meryl Pastuch,Slyvia Meyn,calls,2017-03-01 12:14:47
Sachiko Sanabria,Richard Fox,calls,2017-03-06 05:34:56
Alex McDonald,Richard Fox,calls,2017-03-08 12:20:57
Beverly Barscewski,Richard Fox,calls,2017-03-11 11:11:50
Rosie Gray,Richard Fox,calls,2017-03-12 09:06:54
Richard Fox,Vernon Job,calls,2017-03-15 17:50:40
Richard Fox,Joelle Helweg,calls,2017-03-16 11:31:59
Philip Joseph,Richard Fox,calls,2017-03-16 11:32:35
Meryl Pastuch,Roland Halliburton,calls,2017-03-18 07:56:56
Richard Fox,Blossom Forthman,calls,2017-03-19 08:05:28
Zora Scroggins,Richard Fox,calls,2017-03-19 08:05:36
Richard Fox,Shawnna Nemani,calls,2017-03-20 04:18:52
Richard Fox,Ken Galleher,calls,2017-03-23 10:42:18
Ollie Norton,Richard Fox,calls,2017-03-23 20:34:07
Richard Fox,Eula Hodges,calls,2017-03-23 20:34:20
Marinda Doutt,Richard Fox,calls,2017-03-25 12:31:56
Richard Fox,David Phillips,calls,2017-03-25 12:32:44
Richard Fox,Samuel Zahran,calls,2017-04-03 20:57:20
Jack McDonald,Meryl Pastuch,calls,2017-04-06 16:38:19
Richard Fox,Lang Kertzman,calls,2017-04-07 05:33:20
Maggie Maldonado,Richard Fox,calls,2017-04-07 05:33:51
Britteny Mcconomy,Meryl Pastuch,calls,2017-04-09 03:41:23
Ai Basini,Richard Fox,calls,2017-04-17 16:12:16
Richard Fox,Keith Little,calls,2017-04-21 06:01:48
Joel Lockaby,Richard Fox,calls,2017-04-21 06:02:03
Meryl Pastuch,Joanne Santti,calls,2017-04-26 06:34:28
Sherrell Biebel,Jose Ringwald,calls,2017-04-27 10:40:53
Julia Hunter,Richard Fox,calls,2017-04-28 14:05:52
Meryl Pastuch,Normand Janicki,calls,2017-04-28 16:14:28
Rosalia Larroque,Kerstin Belveal,calls,2017-04-29 03:38:53
Rosalia Larroque,Kerstin Belveal,calls,2017-05-01 03:38:53
Richard Fox,Elinor Steely,calls,2017-05-02 15:05:14
Mia Strotman,Richard Fox,calls,2017-05-04 16:10:05
Shirly Alferez,Richard Fox,calls,2017-05-06 19:54:42
Richard Fox,Seth Roberson,calls,2017-05-07 01:02:20
Kerstin Belveal,Sherrell Biebel,calls,2017-05-08 03:38:53
Richard Fox,Mabel Conner,calls,2017-05-08 08:58:18
Meryl Pastuch,Alex Wilkins,calls,2017-05-10 07:41:24
Nenita Metler,Richard Fox,calls,2017-05-11 01:00:13
Sherrell Biebel,Kerstin Belveal,calls,2017-05-13 03:38:53
Kerstin Belveal,Sherrell Biebel,calls,2017-05-15 03:38:53
Kerstin Belveal,Sherrell Biebel,calls,2017-05-16 03:38:53
Bree Swearengin,Richard Fox,calls,2017-05-16 21:28:27
Kerstin Belveal,Sherrell Biebel,calls,2017-05-17 03:38:53
Kerstin Belveal,Sherrell Biebel,calls,2017-05-18 03:38:53
Josue Winship,Richard Fox,calls,2017-05-20 00:09:33
Richard Fox,Billi Redel,calls,2017-05-21 21:36:46
Elijah Tucker,Richard Fox,calls,2017-05-26 01:43:29
Lulu Gomez,Richard Fox,calls,2017-05-26 07:42:50
Richard Fox,Rosie Jowell,calls,2017-05-26 07:43:01
Mamie Hadef,Richard Fox,calls,2017-05-26 10:30:03
Richard Fox,Sophie Dixon,calls,2017-05-26 10:30:42
Richard Fox,Damon Tep,calls,2017-05-27 16:59:03
Richard Fox,Jose Bellomy,calls,2017-05-28 19:12:57
Grace Graham,Meryl Pastuch,calls,2017-05-28 22:49:44
Genevieve Baldwin,Richard Fox,calls,2017-05-31 16:15:13
Richard Fox,Mollie Halloran,calls,2017-05-31 16:15:58
Tynisha Pellerito,Richard Fox,calls,2017-05-31 21:46:50
Richard Fox,Tommy Roberson,calls,2017-05-31 21:48:17
Josie Marshall,Richard Fox,calls,2017-06-01 06:14:41
Carole Lanfranco,Meryl Pastuch,calls,2017-06-08 01:57:22
Richard Fox,Stanley Freeman,calls,2017-06-10 02:34:55
Richard Fox,Alan Woods,calls,2017-06-10 12:37:24
Richard Fox,Olga Mullins,calls,2017-06-16 18:49:26
Delia Owen,Richard Fox,calls,2017-06-19 18:33:16
Richard Fox,Bebe Ohle,calls,2017-06-19 18:34:05
Richard Fox,Clara Cox,calls,2017-06-21 07:41:13
Verna Henderson,Richard Fox,calls,2017-06-21 08:14:14
Richard Fox,Kaitlyn Odhner,calls,2017-06-23 15:02:16
Richard Fox,Nobuko Hannold,calls,2017-06-29 15:59:56
Madeline Nindorf,Richard Fox,calls,2017-06-30 05:38:53
Jadwiga Jayroe,Richard Fox,calls,2017-06-30 09:13:49
Richard Fox,Juan Bahar,calls,2017-07-01 19:28:09
Lenora Blair,Richard Fox,calls,2017-07-02 12:08:50
Meryl Pastuch,Berneice Champoux,calls,2017-07-03 16:54:03
Richard Fox,Gudrun Barbian,calls,2017-07-04 11:32:24
Etta Ramsey,Richard Fox,calls,2017-07-04 11:32:42
Meryl Pastuch,Jeremy Robinzine,calls,2017-07-11 14:54:46
Richard Fox,Tammera Washam,calls,2017-07-12 20:53:05
Richard Fox,Tegan Coverdale,calls,2017-07-17 12:28:38
Marguerite Copeland,Richard Fox,calls,2017-07-17 12:28:39
Margo Morar,Richard Fox,calls,2017-07-17 23:35:15
Stella Ross,Richard Fox,calls,2017-07-18 06:13:43
Richard Fox,Marta Ingraffea,calls,2017-07-18 14:06:51
Kent Debruce,Richard Fox,calls,2017-07-21 15:33:38
Richard Fox,Rana Burbine,calls,2017-07-22 20:19:17
Tenesha Bartberger,Richard Fox,calls,2017-07-22 20:20:26
Meryl Pastuch,Phoebe Hawkins,calls,2017-07-24 00:09:56
Jani Bold,Meryl Pastuch,calls,2017-07-24 00:10:09
Lora Morton,Richard Fox,calls,2017-07-24 20:53:19
Richard Fox,Jean Vargas,calls,2017-07-30 23:22:04
Fred Walker,Richard Fox,calls,2017-07-30 23:22:29
Bell Malik,Richard Fox,calls,2017-08-01 21:36:26
Richard Fox,Katelynn Souffront,calls,2017-08-01 21:37:40
Richard Fox,Felecia Grav,calls,2017-08-06 10:58:51
Richard Fox,Lucile Shaw,calls,2017-08-06 14:27:14
Sherrell Biebel,Kerstin Belveal,calls,2017-08-11 03:38:53
Richard Fox,Alex Lobaugh,calls,2017-08-16 01:42:18
Richard Fox,Divina Ferrarotti,calls,2017-08-23 16:07:07
Bernice Townsend,Meryl Pastuch,calls,2017-08-24 18:18:45
Sherrell Biebel,Kerstin Belveal,calls,2017-08-26 03:38:53
Meryl Pastuch,Olivia Marsh,calls,2017-08-31 00:35:32
Richard Fox,Gilda Fuoco,calls,2017-08-31 11:49:26
Sherrell Biebel,Kerstin Belveal,calls,2017-09-05 03:38:53
Jeffery Alvarado,Richard Fox,calls,2017-09-08 04:31:29
Richard Fox,Lorri Goodrum,calls,2017-09-08 16:07:58
Richard Fox,Elnora Francis,calls,2017-09-12 01:23:08
Meryl Pastuch,Harris Shanahan,calls,2017-09-14 06:09:23
Kerstin Belveal,Rosalia Larroque,calls,2017-09-14 17:13:43
Rosalia Larroque,Kerstin Belveal,calls,2017-09-14 17:13:43
Richard Fox,Laurice Eichenberg,calls,2017-09-16 00:31:49
Rosalia Larroque,Jenice Savaria,calls,2017-09-19 22:05:33
Kerstin Belveal,Rosalia Larroque,calls,2017-09-20 03:38:53
Rosalia Larroque,Kerstin Belveal,calls,2017-09-20 03:38:53
Kerstin Belveal,Rosalia Larroque,calls,2017-09-20 13:13:43
Kerstin Belveal,Rosalia Larroque,calls,2017-09-22 03:38:53
Martine Assaf,Richard Fox,calls,2017-09-22 13:48:53
Richard Fox,Kyong Marini,calls,2017-09-22 13:48:56
Rosalia Larroque,Kerstin Belveal,calls,2017-09-23 03:38:53
Agnes Hopkins,Richard Fox,calls,2017-09-23 19:05:13
Richard Fox,Tommie Shinkel,calls,2017-09-23 19:05:58
Meryl Pastuch,Rolande Gronewald,calls,2017-09-23 19:25:32
Brian Gomez,Meryl Pastuch,calls,2017-09-23 19:26:18
Rosalia Larroque,Kerstin Belveal,calls,2017-09-24 03:38:53
Rosalia Larroque,Kerstin Belveal,calls,2017-09-26 03:38:53
Madge Fernandez,Richard Fox,calls,2017-09-29 01:09:38
Richard Fox,Mildred Green,calls,2017-09-29 01:10:27
Rosalia Larroque,Kerstin Belveal,calls,2017-09-29 03:38:53
Richard Fox,Katelynn Manni,calls,2017-10-03 23:54:59
Richard Fox,Caridad Lesko,calls,2017-10-05 16:27:58
Richard Fox,Myrna Replenski,calls,2017-10-09 01:45:20
Richard Fox,Jerry Jacobs,calls,2017-10-09 01:45:33
Richard Fox,Deangelo Alpaugh,calls,2017-10-10 00:16:47
Beatriz Stasio,Meryl Pastuch,calls,2017-10-11 07:16:20
Richard Fox,Lashay Ruprecht,calls,2017-10-11 14:04:22
Richard Fox,Georgeann Fenech,calls,2017-10-15 02:01:36
Bernard Harper,Richard Fox,calls,2017-10-15 02:01:54
Dustin Peluso,Richard Fox,calls,2017-10-16 07:37:11
George Hoffman,Richard Fox,calls,2017-10-18 19:02:55
Richard Fox,Ngan Woltman,calls,2017-10-18 21:03:49
Richard Fox,Leona Collier,calls,2017-10-21 11:12:20
Kyla Bocklage,Richard Fox,calls,2017-10-21 11:13:07
Valeria Santino,Meryl Pastuch,calls,2017-10-21 17:34:40
Kerstin Belveal,Rosalia Larroque,calls,2017-10-22 03:38:53
Richard Fox,Merlin Topal,calls,2017-10-22 21:45:02
Tianna Billerbeck,Richard Fox,calls,2017-10-22 21:45:19
Kerstin Belveal,Rosalia Larroque,calls,2017-10-24 03:38:53
Kerstin Belveal,Rosalia Larroque,calls,2017-10-25 03:38:53
Richard Fox,Leilani Baghdasarian,calls,2017-10-28 04:42:17
Richard Fox,Robert Nelson,calls,2017-11-05 13:55:44
Richard Fox,Samual Perdzock,calls,2017-11-05 13:56:02
Odilia Schlotzhauer,Richard Fox,calls,2017-11-09 04:53:46
Richard Fox,Cordelia Moran,calls,2017-11-09 04:53:51
Richard Fox,Victor Yates,calls,2017-11-09 05:38:27
Gail Bernon,Meryl Pastuch,calls,2017-11-13 14:22:37
Lillian Harvey,Richard Fox,calls,2017-11-13 18:01:54
Ronnie Karg,Richard Fox,calls,2017-11-14 18:25:43
Richard Fox,Steven Mendoza,calls,2017-11-23 15:44:11
Dwayne Brizeno,Richard Fox,calls,2017-11-23 17:39:14
Richard Fox,Maritza Rauth,calls,2017-11-23 17:39:33
Richard Fox,Trisha Ruf,calls,2017-11-27 20:15:01
Merna Keatts,Richard Fox,calls,2017-11-28 11:59:22
Richard Fox,Jaunita Langholdt,calls,2017-11-28 12:00:34
Richard Fox,Nadine Hysell,calls,2017-11-28 19:53:04
Jeremy Young,Richard Fox,calls,2017-11-28 19:53:15
Richard Fox,Danyelle Wernett,calls,2017-12-02 00:42:17
Marc Knoechel,Kerstin Belveal,calls,2017-12-03 06:07:53
Kerstin Belveal,Osvaldo Kaur,calls,2017-12-03 06:08:10
Richard Fox,Tennie Angustia,calls,2017-12-03 18:35:32
Concetta Kling,Richard Fox,calls,2017-12-03 18:35:51
Jose Ringwald,Santos Paponetti,calls,2017-12-04 08:52:19
Louvenia Kleiber,Jose Ringwald,calls,2017-12-04 08:52:39
Ramiro Gault,Jane Tyler,calls,2017-12-04 09:37:28
Wayne Gibbs,Augusta Sharp,calls,2017-12-04 11:54:29
Kerstin Belveal,Alejandro Mann,calls,2017-12-04 12:59:29
Theodore Burns,Rosalia Larroque,calls,2017-12-04 13:12:15
Lindsy Henion,Tod Limage,calls,2017-12-04 13:19:20
Hyman Welden,Lindsy Henion,calls,2017-12-04 13:19:31
Augusta Sharp,Rosalia Larroque,calls,2017-12-07 02:29:53
Richard Fox,Carmel Snoderly,calls,2017-12-08 01:07:19
Timothy Gibson,Lindsy Henion,calls,2017-12-08 06:22:05
Larry Matesic,Richard Fox,calls,2017-12-13 07:19:40
Timothy Gilbert,Richard Fox,calls,2017-12-13 20:10:02
Richard Fox,Garrett Sanfilippo,calls,2017-12-13 20:10:40
Latisha Tozloski,Richard Fox,calls,2017-12-16 11:04:02
Richard Fox,Jina Sperbeck,calls,2017-12-16 11:04:52
Meryl Pastuch,Isabella Daniels,calls,2017-12-18 09:43:33
Adah Cavallo,Richard Fox,calls,2017-12-18 14:04:09
Carmel Ardaly,Richard Fox,calls,2017-12-21 12:03:18
Dora Pope,Richard Fox,calls,2017-12-22 11:47:07
Jasmin Donoho,Richard Fox,calls,2017-12-23 08:42:55
Richard Fox,Daina Cacciatore,calls,2017-12-23 08:44:23
Richard Fox,Ada Cole,calls,2017-12-30 00:50:07
Meryl Pastuch,Estelle Bell,calls,2017-12-30 20:13:07
